Atom_Index,Y_Position_px,X_Position_px,Distance_NN1_px,Distance_NN2_px,Distance_NN3_px,Mean_Distance_px,Mean_Distance_pm,Angle_to_NN2_deg,Angle_to_NN3_deg,Mean_Intensity
0,461.00,404.00,11.1803,14.0357,19.2094,14.8085,231.38,112.48,102.09,8.4004
1,347.00,358.00,12.1655,13.0384,14.1421,13.1154,204.93,131.93,125.54,8.3854
2,425.00,263.00,10.1980,11.4018,16.6433,12.7477,199.18,86.05,135.95,8.5988
3,450.00,287.00,12.5300,13.0384,13.1529,12.9071,201.67,56.99,127.36,8.4234
4,26.00,490.00,11.7047,12.0416,12.2066,11.9843,187.25,114.75,125.02,8.7892
5,481.00,280.00,12.0416,12.2066,12.5300,12.2594,191.55,120.23,123.37,7.7329
6,456.00,91.00,11.0000,12.8062,13.4164,12.4076,193.87,128.66,116.57,8.0466
7,471.00,103.00,11.4018,12.6491,13.1529,12.4013,193.77,123.69,119.13,8.0729
8,480.00,301.00,12.0830,12.1655,12.2066,12.1517,189.87,123.91,120.56,7.5595
9,506.00,231.00,11.1803,11.1803,13.1529,11.8379,184.97,159.39,109.05,7.0129
10,344.00,327.00,12.5300,13.4536,13.4536,13.1457,205.40,76.62,103.38,7.0778
11,91.00,506.00,11.4018,12.0416,19.4165,14.2866,223.23,123.11,93.37,7.1820
12,7.00,426.00,13.1529,13.3417,14.3178,13.6041,212.56,94.25,86.65,7.2379
13,483.00,259.00,12.0416,12.0830,12.8062,12.3103,192.35,119.21,123.90,6.8722
14,486.00,84.00,12.0830,12.2066,13.0384,12.4427,194.42,120.56,118.84,7.0569
15,88.00,368.00,13.4536,13.6015,13.8924,13.6492,213.27,174.04,78.27,6.9285
16,416.00,433.00,13.4536,13.4536,13.4536,13.4536,210.21,96.03,83.97,6.8749
17,484.00,105.00,12.0830,12.2066,13.1529,12.4808,195.01,120.56,123.19,7.1346
18,505.00,76.00,10.4403,10.4403,12.1655,11.0154,172.12,146.60,97.24,6.6514
19,56.00,504.00,13.0384,13.1529,19.9249,15.3721,240.19,113.73,140.00,7.1325
20,460.00,310.00,12.0416,12.5300,13.6015,12.7243,198.82,123.37,121.26,6.7985
21,215.00,197.00,11.6619,15.5242,15.6525,14.2795,223.12,45.90,147.53,7.5443
22,216.00,394.00,13.0000,13.1529,13.6015,13.2515,207.05,81.25,107.10,6.9423
23,495.00,333.00,12.0416,12.0416,13.4164,12.4999,195.31,126.87,111.80,7.3826
24,270.00,446.00,10.8167,12.0000,13.3417,12.0528,188.32,123.69,133.32,7.8339
25,239.00,279.00,11.7047,14.8661,19.3132,15.2947,238.98,50.36,88.73,7.4913
26,214.00,416.00,10.8167,11.7047,13.1529,11.8914,185.80,126.33,114.94,7.2206
27,106.00,382.00,11.1803,11.4018,12.0416,11.5412,180.33,115.56,121.33,6.8347
28,415.00,454.00,13.4536,13.4536,13.6015,13.5029,210.98,180.00,101.99,6.6446
29,66.00,374.00,12.3693,12.6491,12.8062,12.6082,197.00,122.47,114.62,6.8098
30,378.00,279.00,12.5300,13.3417,13.4164,13.0960,204.63,74.38,92.05,6.5960
31,459.00,331.00,12.0416,12.2066,12.5300,12.2594,191.55,120.23,123.37,7.1446
32,199.00,381.00,13.0000,13.6015,13.6015,13.4010,209.39,107.10,72.90,6.7029
33,467.00,247.00,11.7047,12.2066,13.1529,12.3547,193.04,125.02,118.73,6.5448
34,490.00,42.00,12.2066,13.0000,13.0000,12.7355,198.99,145.01,102.37,6.5710
35,493.00,355.00,11.0454,12.0830,12.8062,11.9782,187.16,119.64,123.47,6.8357
36,413.00,474.00,12.2066,13.4536,13.6015,13.0872,204.49,83.00,108.98,6.6127
37,332.00,496.00,11.6619,12.0416,13.0000,12.2345,191.16,116.20,126.42,7.5136
38,233.00,407.00,12.6491,13.0000,14.3178,13.3223,208.16,108.43,173.66,6.9433
39,38.00,491.00,12.0416,12.0830,12.2066,12.1104,189.22,119.21,120.23,7.2395
40,462.00,134.00,11.0454,12.8062,13.4164,12.4227,194.10,123.47,121.76,6.6250
41,398.00,271.00,12.0416,13.0384,13.0384,12.7061,198.53,117.71,90.36,6.5091
42,488.00,457.00,11.6619,12.0416,12.5300,12.0778,188.72,116.20,120.43,6.5335
43,374.00,373.00,12.0830,12.1655,12.8062,12.3516,192.99,123.91,116.90,6.5870
44,202.00,499.00,8.9443,12.2066,13.1529,11.4346,178.67,118.44,125.31,6.9791
45,146.00,368.00,12.1655,12.2066,13.3417,12.5712,196.43,115.53,112.46,6.3792
46,480.00,147.00,12.0416,12.0830,12.8062,12.3103,192.35,119.21,123.90,6.4239
47,507.00,499.00,9.2195,10.7703,19.4165,13.1355,205.24,117.60,83.91,5.5926
48,179.00,24.00,15.0000,16.0000,16.2788,15.7596,246.24,53.13,47.49,9.4246
49,92.00,347.00,12.5300,12.8062,13.0384,12.7915,199.87,100.05,86.14,6.1343
50,334.00,388.00,13.4536,13.8924,13.8924,13.7462,214.78,101.73,78.27,6.9138
51,208.00,458.00,12.0830,12.1655,12.2066,12.1517,189.87,123.91,120.56,6.8148
52,55.00,339.00,11.3137,11.4018,12.3693,11.6949,182.73,119.74,120.96,6.7444
53,122.00,396.00,12.0416,12.8062,13.3417,12.7298,198.90,92.97,151.36,6.0646
54,465.00,342.00,11.0000,12.2066,12.5300,11.9122,186.13,124.99,118.61,6.9519
55,461.00,34.00,15.6205,17.0294,17.7200,16.7900,262.34,136.83,23.42,6.0247
56,44.00,428.00,11.6619,13.4164,14.7648,13.2810,207.52,85.60,92.66,7.2269
57,194.00,424.00,12.0830,12.1655,12.2066,12.1517,189.87,123.91,120.56,6.5322
58,19.00,500.00,9.4340,12.0416,12.2066,11.2274,175.43,126.77,113.00,7.2344
59,42.00,450.00,12.0830,12.7279,13.0384,12.6165,197.13,110.56,118.84,6.6525
60,482.00,126.00,12.1655,12.2066,12.5300,12.3007,192.20,115.53,128.07,6.3372
61,507.00,448.00,10.1980,11.0454,13.0384,11.4273,178.55,163.50,96.91,5.9379
62,437.00,422.00,11.4018,12.0416,13.0000,12.1478,189.81,132.64,119.51,6.3440
63,295.00,354.00,14.5602,14.7648,15.6525,14.9925,234.26,102.36,47.49,7.3206
64,133.00,335.00,10.8167,12.0830,13.1529,12.0175,187.77,121.87,114.94,6.4551
65,179.00,390.00,11.4018,12.5300,14.0357,12.6558,197.75,113.51,123.79,6.5362
66,24.00,438.00,12.0830,14.1421,14.5602,13.5951,212.42,106.31,171.50,6.4748
67,506.00,283.00,12.2066,13.0000,20.6155,15.2740,238.66,122.39,32.17,5.6283
68,169.00,473.00,11.7047,12.0416,12.0416,11.9293,186.40,118.38,114.75,6.5232
69,464.00,364.00,11.0454,13.4164,14.1421,12.8680,201.06,111.37,140.19,6.6020
70,115.00,7.00,12.3693,13.1529,20.5183,15.3468,239.79,174.71,28.99,4.4322
71,260.00,505.00,10.0499,17.8045,18.2483,15.3676,240.12,147.55,86.25,5.6586
72,30.00,285.00,12.3693,13.0384,13.9284,13.1120,204.88,133.49,125.07,7.4369
73,4.00,53.00,10.0499,11.4018,14.1421,11.8646,185.38,159.03,76.16,6.0387
74,505.00,304.00,11.3137,12.5300,20.0998,14.6478,228.87,106.39,39.29,5.9257
75,363.00,488.00,12.0416,12.8062,13.0000,12.6159,197.12,123.90,117.38,6.6776
76,221.00,490.00,12.0416,12.2066,12.6491,12.2991,192.17,120.23,113.20,6.9238
77,484.00,9.00,17.1172,17.1172,17.4929,17.2424,269.41,76.58,142.33,5.6210
78,439.00,254.00,12.0830,16.6433,17.0294,15.2519,238.31,147.18,64.68,5.4690
79,477.00,216.00,11.4018,12.1655,12.2066,11.9246,186.32,114.72,129.75,5.2164
80,95.00,443.00,12.3693,13.9284,14.8661,13.7213,214.39,97.00,151.76,5.9038
81,499.00,293.00,12.1655,12.2066,12.5300,12.3007,192.20,115.53,128.07,5.9893
82,501.00,271.00,10.8167,13.0000,13.0384,12.2850,191.95,123.69,119.29,5.7407
83,394.00,464.00,11.6619,12.0000,12.6491,12.1037,189.12,120.96,130.60,6.5007
84,469.00,487.00,11.6619,12.0416,12.0830,11.9288,186.39,116.20,124.59,6.3770
85,187.00,288.00,12.8062,13.6015,15.2643,13.8907,217.04,124.24,97.05,7.2442
86,30.00,193.00,12.2066,13.9284,14.1421,13.4257,209.78,166.05,116.86,6.9829
87,494.00,447.00,11.1803,11.6619,13.0384,11.9602,186.88,122.47,120.96,5.6957
88,481.00,375.00,11.0454,12.8062,13.4164,12.4227,194.10,123.47,121.76,6.0448
89,322.00,334.00,11.7047,12.1655,12.2066,12.0256,187.90,119.45,125.02,6.5751
90,448.00,101.00,11.1803,12.1655,12.8062,12.0507,188.29,126.03,114.78,6.0786
91,170.00,506.00,12.6491,13.0000,20.0000,15.2164,237.76,108.43,34.70,5.4616
92,14.00,270.00,10.1980,12.6491,13.8924,12.2465,191.35,119.74,138.43,7.0715
93,304.00,187.00,7.0711,13.0384,15.8114,11.9736,187.09,40.60,169.70,6.4900
94,459.00,445.00,11.6619,11.7047,13.0000,12.1222,189.41,129.05,120.96,5.1535
95,428.00,241.00,11.1803,16.1245,16.6433,14.6494,228.90,176.82,43.04,5.1954
96,464.00,268.00,12.0830,12.1655,12.2066,12.1517,189.87,123.91,120.56,5.5811
97,241.00,483.00,12.0830,12.2066,13.3417,12.5438,196.00,120.56,127.44,6.7760
98,452.00,266.00,12.1655,12.8062,17.6918,14.2212,222.21,119.20,146.75,5.4276
99,490.00,416.00,11.6619,12.0000,12.0830,11.9150,186.17,120.96,124.59,5.9313
100,458.00,352.00,12.0416,12.2066,13.4164,12.5549,196.17,120.23,121.33,7.0681
101,424.00,444.00,12.0416,13.4536,13.6015,13.0322,203.63,127.22,130.79,5.5791
102,79.00,505.00,10.7703,12.0416,20.0000,14.2706,222.98,116.57,31.33,5.8849
103,24.00,149.00,12.2066,16.1245,17.2047,15.1786,237.17,47.88,109.47,6.9419
104,437.00,276.00,7.0000,10.0000,15.1327,10.7109,167.36,90.00,172.41,6.2080
105,507.00,107.00,11.4018,11.6619,20.0000,14.3546,224.29,133.78,37.87,5.1141
106,316.00,375.00,11.0454,12.0830,12.8062,11.9782,187.16,119.64,123.47,6.8384
107,477.00,436.00,10.2956,12.0416,19.4165,13.9179,217.47,114.29,95.45,5.1211
108,506.00,127.00,11.1803,12.8062,20.0250,14.6705,229.23,114.78,29.43,5.5219
109,244.00,232.00,10.2956,13.4164,13.6015,12.4378,194.34,177.51,136.16,5.8193
110,249.00,193.00,7.2801,9.4868,12.0416,9.6028,150.04,177.51,69.29,6.3715
111,302.00,341.00,12.3693,13.3417,14.0357,13.2489,207.01,117.03,71.88,6.6205
112,442.00,232.00,11.1803,11.7047,16.6433,13.1761,205.88,149.71,67.57,5.3661
113,10.00,139.00,15.6205,15.8114,17.0880,16.1733,252.71,74.50,29.64,6.2785
114,503.00,324.00,12.0416,13.4164,20.0998,15.1859,237.28,111.80,144.08,5.9846
115,153.00,326.00,11.1803,13.1529,13.6015,12.6449,197.58,91.56,96.80,6.1301
116,497.00,386.00,10.1980,11.1803,11.6619,11.0134,172.08,127.87,109.65,5.4970
117,495.00,427.00,11.6619,12.0416,12.0830,11.9288,186.39,116.20,124.59,5.1782
118,179.00,8.00,13.8924,14.1421,16.0000,14.6782,229.35,157.87,59.74,7.4508
119,474.00,237.00,11.7047,12.1655,12.2066,12.0256,187.90,119.45,125.02,5.5203
120,507.00,55.00,10.1980,11.0454,12.0416,11.0950,173.36,163.50,96.55,5.1514
121,455.00,506.00,11.1803,13.0000,20.0998,14.7600,230.63,116.57,32.28,5.7205
122,166.00,494.00,12.0000,12.2066,12.6491,12.2852,191.96,124.99,108.43,6.2681
123,501.00,345.00,9.0554,12.8062,13.4164,11.7593,183.74,135.00,110.22,6.2090
124,387.00,193.00,12.3693,13.1529,13.6015,13.0412,203.77,174.71,86.93,5.8681
125,440.00,455.00,10.7703,10.8167,13.0000,11.5290,180.14,124.51,111.80,5.1514
126,83.00,409.00,12.5300,13.4536,13.8924,13.2920,207.69,109.40,88.35,5.8701
127,418.00,337.00,9.0000,10.4403,14.0357,11.1587,174.35,163.30,85.91,6.6988
128,163.00,430.00,14.3178,17.0294,18.7883,16.7118,261.12,151.86,142.70,4.8689
129,469.00,18.00,13.0384,15.8114,17.0294,15.2931,238.95,67.17,35.84,5.2219
130,423.00,465.00,11.0454,13.4536,13.6015,12.7002,198.44,143.21,120.83,5.4011
131,480.00,396.00,10.2956,11.0000,13.0384,11.4447,178.82,119.05,118.47,5.6058
132,435.00,297.00,10.0499,11.1803,16.6433,12.6245,197.26,163.98,62.98,5.9709
133,486.00,477.00,11.0000,12.0416,12.0830,11.7082,182.94,131.63,114.44,6.0058
134,398.00,344.00,10.0000,13.0384,13.1529,12.0638,188.50,122.47,134.38,6.5359
135,369.00,330.00,11.4018,11.7047,12.1655,11.7573,183.71,122.14,118.41,5.1819
136,417.00,228.00,11.0000,12.1655,13.3417,12.1691,190.14,99.46,167.01,5.3606
137,504.00,96.00,10.7703,11.4018,13.0384,11.7368,183.39,142.94,107.40,5.3576
138,165.00,389.00,13.0000,14.0357,17.0294,14.6884,229.51,116.71,19.25,6.0735
139,164.00,410.00,14.0357,16.6433,18.0278,16.2356,253.68,143.18,150.40,4.9960
140,489.00,218.00,11.4018,11.7047,12.1655,11.7573,183.71,122.14,118.41,5.4064
141,92.00,399.00,11.4018,13.0384,13.4536,12.6313,197.36,137.73,116.73,5.3153
142,458.00,225.00,12.0416,12.1655,12.6491,12.2854,191.96,104.23,166.33,5.1889
143,486.00,26.00,16.4924,16.6433,17.1172,16.7510,261.73,43.23,172.67,5.7433
144,478.00,416.00,11.4018,12.0000,19.2354,14.2124,222.07,105.26,102.64,5.4416
145,463.00,203.00,11.1803,12.2066,12.6491,12.0120,187.69,114.69,171.87,5.3187
146,414.00,250.00,11.0454,11.4018,13.1529,11.8667,185.42,159.55,103.94,5.5514
147,370.00,182.00,12.3693,13.0384,13.6015,13.0031,203.17,170.36,86.93,6.0969
148,422.00,485.00,11.0454,14.2127,14.7648,13.3410,208.45,134.48,113.11,6.0198
149,474.00,498.00,10.0000,12.0416,12.0830,11.3749,177.73,131.63,118.69,5.4010
150,485.00,312.00,10.8167,12.0000,12.0830,11.6332,181.77,123.69,121.87,5.7410
151,4.00,468.00,12.2066,12.5300,21.0238,15.2534,238.33,116.40,147.73,5.6894
152,99.00,477.00,10.8167,12.0830,13.0000,11.9666,186.98,121.87,123.69,5.3938
153,463.00,384.00,10.0499,13.4536,18.7883,14.0973,220.27,137.70,149.09,5.9353
154,368.00,500.00,10.6301,11.0000,13.0000,11.5434,180.37,138.81,108.57,5.5998
155,390.00,452.00,11.6619,12.6491,13.1529,12.4880,195.12,130.60,112.22,5.5316
156,38.00,6.00,10.6301,15.0333,16.0312,13.8982,217.16,135.00,52.39,6.1854
157,160.00,451.00,11.0454,19.1050,19.4165,16.5223,258.16,142.32,140.30,5.0015
158,471.00,258.00,11.7047,12.0416,12.2066,11.9843,187.25,114.75,125.02,5.4689
159,366.00,350.00,11.7047,12.1655,12.2066,12.0256,187.90,119.45,125.02,5.2897
160,461.00,425.00,10.8167,12.0830,19.2354,14.0450,219.45,121.87,151.59,5.1386
161,439.00,475.00,11.0454,12.0830,12.5300,11.8861,185.72,109.25,123.80,5.6348
162,365.00,319.00,11.0454,11.7047,12.2066,11.6522,182.07,115.18,119.80,5.2193
163,475.00,477.00,11.0000,11.6619,13.8924,12.1848,190.39,120.96,120.26,5.7186
164,500.00,35.00,12.2066,13.4536,14.3178,13.3260,208.22,97.00,149.77,5.4081
165,458.00,465.00,10.0000,11.1803,12.0416,11.0740,173.03,116.57,131.63,5.3071
166,423.00,285.00,8.0623,11.0454,14.0357,11.0478,172.62,77.68,176.96,5.7770
167,483.00,332.00,11.7047,12.0416,12.2066,11.9843,187.25,114.75,125.02,6.0159
168,493.00,229.00,11.7047,12.2066,13.1529,12.3547,193.04,125.02,118.73,5.3738
169,10.00,479.00,12.0000,12.2066,12.5300,12.2455,191.34,124.99,118.61,5.7119
170,67.00,453.00,12.0416,14.3178,17.4642,14.6079,228.25,113.59,155.26,5.3022
171,177.00,464.00,11.0454,12.0416,13.4164,12.1678,190.12,126.44,121.76,5.3802
172,468.00,299.00,11.1803,12.1655,13.6015,12.3158,192.43,126.03,117.41,5.5736
173,482.00,354.00,11.0454,11.4018,13.4164,11.9545,186.79,122.68,121.76,6.0712
174,508.00,367.00,10.0499,18.3576,19.2094,15.8723,248.00,35.07,32.95,5.9129
175,405.00,504.00,10.2956,11.6619,16.4924,12.8167,200.26,178.09,164.98,5.7278
176,499.00,188.00,9.0554,10.6301,10.8167,10.1674,158.87,124.85,130.03,5.3922
177,433.00,318.00,10.7703,11.4018,15.1327,12.4349,194.30,142.94,119.40,5.6819
178,279.00,499.00,11.4018,12.1655,13.0000,12.1891,190.45,132.66,105.26,5.1909
179,397.00,6.00,12.0830,12.6491,16.1555,13.6292,212.96,96.01,46.25,4.7482
180,112.00,477.00,11.4018,13.0000,13.0000,12.4673,194.80,105.26,142.13,5.3213
181,157.00,305.00,10.0000,11.3137,14.3178,11.8772,185.58,135.00,114.78,6.2235
182,350.00,338.00,12.0416,12.5300,13.4536,12.6751,198.05,123.37,133.25,5.2765
183,84.00,6.00,13.0384,18.0278,28.1603,19.7421,308.47,178.78,12.11,4.1914
184,100.00,456.00,11.6619,13.0000,13.9284,12.8634,200.99,120.96,128.00,5.2201
185,262.00,379.00,13.0384,14.0357,14.8661,13.9800,218.44,81.52,155.95,6.7088
186,16.00,75.00,10.4403,11.1803,14.1421,11.9209,186.26,136.74,114.83,5.1313
187,5.00,393.00,10.7703,11.4018,20.0250,14.0657,219.78,120.32,24.66,6.3838
188,496.00,406.00,11.0454,11.1803,11.6619,11.2959,176.50,121.76,115.77,5.4040
189,497.00,312.00,11.3137,12.0000,13.4164,12.2434,191.30,135.00,108.43,5.6893
190,442.00,434.00,12.5300,13.0000,13.0000,12.8433,200.68,128.77,118.61,5.3710
191,495.00,54.00,11.4018,12.0416,13.0000,12.1478,189.81,123.11,119.51,5.2913
192,437.00,197.00,12.0000,13.0000,14.1421,13.0474,203.87,157.38,98.13,5.4430
193,494.00,468.00,12.0000,12.0416,12.5300,12.1905,190.48,131.63,118.61,5.6277
194,95.00,380.00,11.1803,12.8062,13.8924,12.6263,197.29,131.04,130.56,5.4364
195,263.00,487.00,10.1980,11.0000,18.2483,13.1488,205.45,101.31,159.23,5.5339
196,432.00,340.00,13.0000,14.3178,17.8045,15.0408,235.01,100.53,105.54,6.1212
197,491.00,249.00,11.1803,12.1655,12.8062,12.0507,188.29,126.03,114.78,5.4533
198,488.00,270.00,12.0830,12.2066,13.0384,12.4427,194.42,120.56,118.84,5.7174
199,65.00,473.00,12.0416,12.2066,12.5300,12.2594,191.55,120.23,123.37,5.5258
200,7.00,499.00,8.9443,10.7703,12.0416,10.5854,165.40,131.63,111.80,6.1580
201,121.00,416.00,15.5242,15.6205,16.1555,15.7667,246.36,114.87,126.73,4.4501
202,179.00,444.00,11.1803,11.3137,14.0357,12.1766,190.26,124.70,104.39,5.2885
203,248.00,473.00,12.0830,12.2066,13.6015,12.6304,197.35,120.56,131.55,5.6063
204,280.00,467.00,11.4018,12.1655,13.0384,12.2019,190.65,132.66,123.48,6.0699
205,507.00,262.00,10.8167,11.7047,20.0250,14.1821,221.60,126.33,149.17,5.2409
206,234.00,71.00,12.6491,12.7279,14.8661,13.4144,209.60,116.57,88.78,7.3526
207,408.00,294.00,12.2066,13.0000,17.4929,14.2331,222.39,124.99,24.04,5.2389
208,446.00,122.00,12.0830,12.1655,13.0384,12.4290,194.20,123.91,123.08,5.2972
209,407.00,443.00,11.0454,13.4536,13.6015,12.7002,198.44,126.79,131.22,5.3016
210,130.00,386.00,11.7047,12.8062,18.0278,14.1796,221.56,121.36,163.20,5.1671
211,507.00,210.00,10.0499,10.1980,11.0454,10.4311,162.99,162.98,100.91,4.8667
212,127.00,431.00,11.1803,11.6619,15.2315,12.6913,198.30,159.34,77.11,4.8121
213,496.00,209.00,11.0454,11.4018,13.6015,12.0162,187.75,122.68,112.30,5.2781
214,432.00,218.00,9.0000,12.3693,14.3178,11.8957,185.87,75.96,102.09,5.3461
215,197.00,403.00,10.8167,11.7047,12.1655,11.5623,180.66,126.33,114.23,5.7676
216,136.00,502.00,8.0000,10.8167,15.2315,11.3494,177.33,146.31,113.20,5.6370
217,210.00,437.00,11.1803,12.0830,12.8062,12.0232,187.86,124.75,118.35,5.7113
218,144.00,462.00,14.7648,16.4012,18.0278,16.3979,256.22,114.13,58.52,4.6072
219,117.00,489.00,12.2066,13.0000,13.0384,12.7483,199.19,122.39,129.39,5.2314
220,11.00,458.00,12.2066,13.0384,18.0278,14.4242,225.38,120.59,141.83,5.6805
221,491.00,488.00,10.2956,12.0416,12.0830,11.4734,179.27,114.29,126.50,5.3649
222,190.00,38.00,13.1529,14.0357,14.7648,13.9845,218.51,85.34,70.45,8.5198
223,451.00,22.00,7.0711,14.0000,15.6205,12.2305,191.10,135.00,95.19,5.5697
224,235.00,440.00,11.7047,12.0416,12.2066,11.9843,187.25,114.75,125.02,5.3468
225,372.00,309.00,12.2066,17.0294,18.6815,15.9725,249.57,141.64,140.52,4.8719
226,98.00,497.00,11.4018,12.0830,12.1655,11.8834,185.68,117.68,118.41,5.8200
227,476.00,456.00,11.7047,12.0416,12.0416,11.9293,186.40,118.38,114.75,5.4626
228,344.00,497.00,10.2956,12.0416,12.2066,11.5146,179.92,123.82,115.95,6.4811
229,354.00,318.00,11.0454,13.4536,14.3178,12.9389,202.17,132.82,119.97,5.3333
230,330.00,13.00,16.0312,16.7631,17.0294,16.6079,259.50,166.22,90.21,6.1532
231,431.00,88.00,11.0454,12.0416,12.0830,11.7233,183.18,126.44,119.64,5.3396
232,387.00,245.00,11.7047,14.3178,17.0000,14.3408,224.08,97.89,138.06,5.4094
233,477.00,42.00,11.4018,13.0000,17.8885,14.0968,220.26,127.87,78.69,5.1001
234,487.00,291.00,12.1655,12.2066,12.5300,12.3007,192.20,115.53,128.07,5.8410
235,58.00,483.00,11.1803,12.2066,13.1529,12.1799,190.31,118.44,125.31,5.7208
236,410.00,272.00,12.0416,12.0830,12.1655,12.0967,189.01,109.68,175.30,5.6215
237,491.00,95.00,12.0830,12.2066,13.0384,12.4427,194.42,120.56,118.84,5.5586
238,378.00,352.00,11.4018,11.7047,12.1655,11.7573,183.71,122.14,118.41,5.3547
239,157.00,472.00,12.0416,16.1245,16.4012,14.8558,232.12,145.49,147.20,5.2413
240,498.00,366.00,10.0499,11.6619,12.0830,11.2649,176.01,115.25,120.15,5.7908
241,43.00,502.00,10.0000,12.0830,13.1529,11.7453,183.52,118.69,118.12,6.0111
242,99.00,360.00,10.1980,13.6015,14.7648,12.8548,200.86,132.66,129.61,5.4295
243,116.00,193.00,15.2971,16.2788,17.4642,16.3467,255.42,68.07,114.55,5.3064
244,425.00,423.00,12.0416,13.4536,17.1172,14.2042,221.94,136.75,78.53,5.5371
245,489.00,507.00,10.4403,12.0416,17.4929,13.3249,208.20,101.94,42.34,4.4309
246,469.00,279.00,11.6619,12.0416,12.0830,11.9288,186.39,116.20,124.59,5.4366
247,447.00,211.00,9.2195,10.0499,12.6491,10.6395,166.24,83.18,84.09,6.0163
248,480.00,196.00,10.8167,12.0000,17.0294,13.2820,207.53,123.69,106.07,4.7943
249,502.00,169.00,12.5300,13.4536,19.2354,15.0730,235.52,109.40,142.42,5.3864
250,11.00,213.00,14.7648,15.6525,16.2788,15.5654,243.21,91.74,141.08,6.5911
251,337.00,368.00,12.8062,13.0384,13.8924,13.2457,206.96,83.81,98.40,5.5901
252,382.00,363.00,11.7047,12.8062,13.3417,12.6175,197.15,121.36,122.98,5.4226
253,406.00,464.00,12.0000,12.2066,13.4536,12.5534,196.15,124.99,131.99,5.5778
254,466.00,321.00,12.2066,12.5300,13.0000,12.5788,196.54,116.40,124.99,5.5927
255,385.00,343.00,11.4018,11.7047,13.0384,12.0483,188.25,122.14,123.48,5.4527
256,476.00,62.00,12.0416,12.2066,12.5300,12.2594,191.55,120.23,123.37,5.1784
257,110.00,499.00,9.4340,12.1655,12.2066,11.2687,176.07,131.47,113.00,5.8888
258,457.00,486.00,12.0416,12.2066,13.8924,12.7135,198.65,120.23,125.02,5.7175
259,183.00,506.00,10.8167,13.0000,19.1050,14.3072,223.55,123.69,27.68,5.1528
260,305.00,318.00,12.0416,12.5300,13.9284,12.8333,200.52,146.63,115.80,6.1841
261,454.00,245.00,10.1980,13.1529,17.4929,13.6146,212.73,177.44,42.27,5.1959
262,106.00,412.00,10.4403,12.0830,15.5242,12.6825,198.16,138.86,121.63,4.7731
263,354.00,137.00,17.2627,17.6918,18.9737,17.9760,280.88,147.30,151.56,4.7344
264,4.00,200.00,14.7648,15.0000,21.0238,16.9295,264.52,98.57,148.97,6.4480
265,406.00,215.00,11.0000,11.0454,14.0000,12.0151,187.74,174.81,90.00,5.4762
266,408.00,74.00,11.0454,17.0000,17.4642,15.1699,237.03,67.12,108.43,5.1034
267,207.00,53.00,15.1327,16.2788,16.5529,15.9882,249.82,71.79,147.39,7.4541
268,47.00,461.00,11.6619,12.0416,12.0830,11.9288,186.39,116.20,124.59,5.6713
269,85.00,388.00,12.8062,13.0384,13.0384,12.9610,202.52,96.19,83.81,5.0857
270,402.00,237.00,11.0454,11.4018,15.1327,12.5266,195.73,169.94,87.60,5.2743
271,309.00,252.00,8.9443,9.4340,15.0000,11.1261,173.85,174.56,63.43,5.6499
272,142.00,250.00,12.0000,13.0384,13.4164,12.8183,200.29,122.47,116.57,5.7036
273,231.00,461.00,11.4018,12.0416,19.2354,14.2262,222.29,110.02,155.77,5.3320
274,375.00,232.00,17.6918,17.8885,18.7883,18.1229,283.17,73.86,107.51,5.4316
275,45.00,481.00,10.7703,12.2066,13.1529,12.0433,188.18,123.21,120.55,5.7890
276,507.00,479.00,10.7703,11.0454,17.0294,12.9484,202.32,153.00,108.43,5.1774
277,150.00,419.00,13.6015,15.6205,16.6433,15.2884,238.88,75.83,111.24,4.5182
278,379.00,384.00,12.0830,18.0278,19.4165,16.5091,257.95,148.13,143.67,5.2782
279,391.00,224.00,12.8062,14.1421,17.0294,14.6593,229.05,136.79,178.42,5.3088
280,146.00,438.00,12.0416,14.7648,18.7883,15.1982,237.47,76.67,106.43,4.3924
281,185.00,401.00,12.1655,12.2066,12.5300,12.3007,192.20,115.53,128.07,5.4613
282,373.00,460.00,10.7703,10.7703,18.0000,13.1802,205.94,133.60,111.80,5.8767
283,476.00,342.00,11.0000,12.2066,13.4164,12.2077,190.74,124.99,116.57,6.0362
284,173.00,484.00,11.7047,12.2066,12.3693,12.0935,188.96,125.02,124.02,5.6271
285,149.00,400.00,14.8661,18.0278,18.4391,17.1110,267.36,98.58,35.20,4.6953
286,447.00,330.00,10.1980,12.0416,18.0278,13.4225,209.73,173.45,45.00,5.7121
287,239.00,504.00,12.2066,14.1421,21.0238,15.7908,246.73,116.86,57.73,5.5775
288,446.00,392.00,13.6015,15.6205,16.4924,15.2381,238.10,75.83,21.99,5.2489
289,28.00,469.00,10.7703,11.6619,13.1529,11.8617,185.34,127.23,120.55,5.3323
290,4.00,413.00,11.1803,13.3417,19.4165,14.6462,228.85,140.44,97.94,5.3474
291,444.00,413.00,11.4018,12.0416,14.8661,12.7698,199.53,123.11,99.85,5.2743
292,405.00,485.00,9.4868,13.6015,16.4012,13.1632,205.67,144.46,109.13,5.7491
293,143.00,480.00,15.2643,16.1245,16.2788,15.8892,248.27,178.14,74.12,4.6321
294,2.00,73.00,10.4403,11.1803,14.1421,11.9209,186.26,153.00,81.43,5.9355
295,326.00,55.00,12.0830,13.6015,13.8924,13.1923,206.13,101.58,174.19,6.0802
296,436.00,445.00,10.7703,12.0416,12.5300,11.7806,184.07,116.57,129.59,5.1949
297,381.00,332.00,11.7047,12.0416,12.1655,11.9706,187.04,118.38,119.45,5.1678
298,507.00,407.00,10.1980,11.0454,12.1655,11.1363,174.00,96.12,159.23,5.1960
299,455.00,434.00,10.8167,11.7047,13.0000,11.8405,185.01,126.33,123.69,5.0005
300,375.00,403.00,18.0278,18.7883,19.4165,18.7442,292.88,67.98,171.29,4.9029
301,397.00,376.00,10.1980,16.1555,18.2483,14.8673,232.30,79.51,159.23,5.2614
302,222.00,264.00,8.5440,10.4403,12.0830,10.3558,161.81,176.14,135.00,5.7503
303,503.00,251.00,10.2956,11.7047,12.1655,11.3886,177.95,130.96,109.59,5.1612
304,82.00,485.00,11.0454,12.0830,12.2066,11.7783,184.04,119.64,119.80,5.3380
305,251.00,453.00,12.0416,12.6491,13.1529,12.6146,197.10,119.93,122.89,5.2321
306,192.00,477.00,12.2066,12.6491,14.0357,12.9638,202.56,126.57,120.91,5.3543
307,218.00,427.00,11.7047,12.8062,13.1529,12.5546,196.17,121.36,118.73,5.5746
308,63.00,493.00,11.1803,12.1655,13.0384,12.1281,189.50,126.03,120.96,5.7839
309,114.00,373.00,12.0416,12.0830,12.1655,12.0967,189.01,113.92,122.17,5.4273
310,503.00,148.00,12.0830,12.2066,18.6011,14.2969,223.39,120.56,29.30,5.4436
311,196.00,456.00,11.4018,12.0416,12.1655,11.8696,185.46,123.11,114.72,5.5293
312,450.00,496.00,11.1803,12.0416,12.2066,11.8095,184.52,121.33,118.44,6.3716
313,50.00,188.00,11.3137,13.0000,13.4164,12.5767,196.51,112.38,161.57,6.9671
314,199.00,435.00,11.1803,11.6619,12.0830,11.6418,181.90,110.66,124.75,5.6341
315,234.00,321.00,13.0384,14.8661,19.4165,15.7737,246.46,164.74,163.71,4.8446
316,118.00,448.00,9.4340,11.0454,15.2971,11.9255,186.34,142.80,133.32,5.0959
317,359.00,360.00,11.4018,12.1655,12.2066,11.9246,186.32,114.72,129.75,5.7786
318,400.00,137.00,10.1980,16.1555,17.6918,14.6818,229.40,146.89,148.60,5.4018
319,294.00,7.00,11.0454,12.0830,20.0250,14.3845,224.76,119.64,171.94,4.8454
320,493.00,74.00,12.0830,12.1655,12.2066,12.1517,189.87,123.91,120.56,5.4558
321,159.00,283.00,10.1980,12.0416,12.5300,11.5899,181.09,120.32,129.92,5.9735
322,473.00,83.00,10.0000,11.7047,13.0384,11.5810,180.95,123.15,122.47,5.5050
323,507.00,428.00,9.2195,10.1980,12.0416,10.4864,163.85,156.16,97.77,4.9750
324,389.00,323.00,10.8167,12.0416,13.1529,12.0037,187.56,172.06,65.06,5.3812
325,209.00,489.00,11.4018,12.0416,12.2066,11.8833,185.68,110.02,129.75,6.2157
326,330.00,356.00,12.1655,13.4536,13.8924,13.1705,205.79,128.55,129.72,5.2452
327,74.00,396.00,11.0000,13.6015,15.8114,13.4710,210.48,143.97,124.70,5.3020
328,29.00,449.00,11.1803,12.0830,13.0384,12.1006,189.07,128.99,112.17,5.6279
329,29.00,394.00,10.2956,12.0830,13.0384,11.8057,184.46,143.50,118.47,5.6925
330,460.00,155.00,11.4018,12.0416,12.0830,11.8421,185.03,116.38,129.70,5.2740
331,117.00,353.00,11.4018,12.0416,13.1529,12.1988,190.61,123.11,114.00,4.9625
332,216.00,362.00,13.6015,14.3178,15.0000,14.3064,223.54,150.80,72.90,4.6009
333,146.00,208.00,10.0000,13.0384,13.3417,12.1267,189.48,147.53,102.99,5.7910
334,84.00,465.00,10.0499,11.4018,18.3576,13.2697,207.34,122.16,35.07,5.3198
335,446.00,351.00,12.0416,14.2127,17.8045,14.6863,229.47,124.53,146.61,6.2053
336,51.00,441.00,10.0499,12.7279,14.7648,12.5142,195.53,140.71,112.59,5.7586
337,189.00,497.00,10.7703,10.8167,13.1529,11.5800,180.94,124.51,120.55,5.6448
338,182.00,422.00,11.7047,12.0830,12.1655,11.9844,187.26,135.57,119.45,5.5563
339,387.00,490.00,9.2195,12.8062,13.0000,11.6753,182.43,141.19,100.09,5.7461
340,77.00,474.00,11.4018,12.0416,12.0830,11.8421,185.03,123.11,117.68,5.3730
341,201.00,414.00,11.7047,12.2066,13.1529,12.3547,193.04,125.02,118.73,5.7812
342,344.00,379.00,12.1655,13.0384,13.4536,12.8859,201.34,131.93,128.55,5.5797
343,47.00,347.00,11.3137,13.1529,14.0000,12.8222,200.35,126.25,135.00,5.5076
344,283.00,6.00,11.0454,13.4536,20.0000,14.8330,231.77,132.82,31.68,4.5696
345,134.00,300.00,8.0623,13.1529,13.3417,11.5190,179.98,128.49,137.26,5.3304
346,396.00,488.00,9.2195,9.4868,16.1245,11.6103,181.41,174.09,72.78,6.5041
347,203.00,394.00,10.8167,13.0000,13.6015,12.4727,194.89,123.69,129.21,5.5388
348,215.00,448.00,12.0830,12.2066,13.1529,12.4808,195.01,120.56,123.19,5.6419
349,329.00,241.00,11.0454,13.4536,13.6015,12.7002,198.44,126.79,131.22,5.3999
350,178.00,411.00,11.7047,12.2066,14.0357,12.6490,197.64,125.02,114.07,5.2482
351,486.00,239.00,11.1803,12.1655,12.2066,11.8508,185.17,126.03,118.44,5.1230
352,213.00,469.00,11.4018,12.0830,18.6011,14.0286,219.20,117.68,91.62,5.5944
353,417.00,108.00,12.0416,16.9706,17.2047,15.4056,240.71,139.76,139.70,4.8299
354,301.00,458.00,14.0000,14.0357,14.8661,14.3006,223.45,94.09,109.65,5.5725
355,362.00,371.00,11.4018,11.6619,12.1655,11.7431,183.49,133.78,114.72,5.5018
356,126.00,217.00,11.4018,13.1529,13.6015,12.7187,198.73,119.13,159.23,5.5615
357,8.00,8.00,14.3178,14.8661,16.2788,15.1542,236.78,82.44,54.61,5.2655
358,292.00,27.00,11.4018,13.0384,13.0384,12.4929,195.20,123.48,137.73,5.7364
359,421.00,306.00,10.4403,15.0333,16.6433,14.0390,219.36,102.89,139.43,5.4606
360,415.00,359.00,11.4018,12.0000,14.0357,12.4791,194.99,164.74,101.17,5.9153
361,468.00,465.00,10.0000,12.0416,13.8924,11.9780,187.16,131.63,120.26,5.2251
362,489.00,116.00,12.0416,12.0830,12.2066,12.1104,189.22,119.21,120.23,5.3375
363,103.00,340.00,11.1803,13.0384,13.0384,12.4190,194.05,137.22,132.78,4.9674
364,53.00,280.00,12.1655,13.0000,13.0000,12.7218,198.78,99.46,80.54,6.0586
365,20.00,424.00,11.4018,13.1529,14.5602,13.0383,203.72,136.62,126.18,5.6093
366,202.00,168.00,13.4164,16.7631,17.1172,15.7656,246.34,133.92,19.86,5.2430
367,89.00,420.00,12.3693,12.5300,12.8062,12.5685,196.38,132.65,127.30,4.7618
368,117.00,437.00,11.0454,11.6619,11.7047,11.4707,179.23,115.77,115.18,5.0172
369,472.00,445.00,10.2956,11.7047,13.0000,11.6668,182.29,130.96,119.05,5.0106
370,420.00,87.00,11.0454,11.1803,17.4929,13.2395,206.87,174.89,143.84,4.9416
371,135.00,281.00,12.3693,13.4164,16.0000,13.9286,217.63,139.40,104.04,5.0551
372,477.00,168.00,12.1655,12.2066,12.8062,12.3928,193.64,134.45,119.20,5.6204
373,214.00,381.00,13.1529,15.0000,17.0294,15.0608,235.32,98.75,48.98,5.2384
374,349.00,506.00,10.2956,11.0454,19.1050,13.4820,210.66,124.25,35.06,5.1388
375,429.00,360.00,8.2462,14.0357,15.2315,12.5045,195.38,170.05,99.16,5.8836
376,38.00,265.00,11.0454,12.1655,13.3417,12.1842,190.38,75.34,172.20,6.2179
377,457.00,70.00,11.4018,12.1655,13.0000,12.1891,190.45,118.41,119.51,5.0676
378,433.00,486.00,10.2956,11.0454,12.5300,11.2903,176.41,124.25,122.33,6.3839
379,378.00,90.00,11.7047,16.9706,17.0000,15.2251,237.89,154.98,48.06,4.9940
380,86.00,336.00,11.4018,12.2066,12.5300,12.0461,188.22,129.75,133.87,5.2541
381,438.00,495.00,10.2956,12.0416,13.8924,12.0766,188.70,123.82,120.69,6.0524
382,352.00,157.00,13.6015,14.0000,14.1421,13.9145,217.41,162.90,64.77,4.7776
383,447.00,372.00,7.2801,14.1421,16.9706,12.7976,199.96,150.95,119.05,5.9667
384,197.00,313.00,12.0830,13.3417,13.3417,12.9221,201.91,101.45,142.56,5.7673
385,341.00,400.00,12.8062,13.1529,13.8924,13.2839,207.56,119.91,111.08,5.5094
386,134.00,366.00,11.7047,12.0416,12.1655,11.9706,187.04,118.38,119.45,5.2492
387,387.00,125.00,16.1555,17.4642,17.6918,17.1038,267.25,178.17,115.49,5.2510
388,340.00,347.00,12.5300,13.0384,13.4536,13.0073,203.24,176.14,76.62,5.2632
389,436.00,99.00,12.0830,12.1655,12.2066,12.1517,189.87,123.91,120.56,5.1490
390,406.00,316.00,9.8489,11.1803,12.0000,11.0097,172.03,76.34,113.96,5.6473
391,421.00,500.00,6.3246,12.2066,15.0333,11.1881,174.81,163.44,75.38,5.8906
392,228.00,450.00,11.4018,12.2066,13.1529,12.2538,191.46,129.75,114.00,5.3702
393,390.00,433.00,10.0000,10.8167,19.0000,13.2722,207.38,109.44,143.13,5.0976
394,265.00,203.00,9.8489,13.0000,14.3178,12.3889,193.58,46.58,53.94,5.3636
395,5.00,179.00,11.4018,16.2788,18.3576,15.3460,239.78,99.61,22.77,5.7572
396,246.00,494.00,12.0830,12.2066,17.8045,14.0314,219.24,120.56,152.60,5.8413
397,388.00,474.00,7.2111,11.6619,16.0312,11.6347,181.79,154.65,52.73,5.7981
398,448.00,309.00,12.0416,12.1655,17.4929,13.9000,217.19,175.30,144.27,5.4551
399,413.00,54.00,17.0294,17.4642,18.0278,17.5071,273.55,73.39,110.80,5.0716
400,144.00,502.00,8.0000,12.8062,18.0278,12.9447,202.26,141.34,19.44,5.3679
401,301.00,207.00,9.8489,13.1529,13.6015,12.2011,190.64,122.71,41.07,5.8962
402,484.00,178.00,9.0554,12.2066,15.8114,12.3578,193.09,131.33,155.22,5.2737
403,359.00,391.00,10.4403,12.0830,19.2094,13.9109,217.36,138.86,34.64,5.5357
404,356.00,381.00,10.4403,11.6619,12.1655,11.4226,178.48,132.34,116.16,5.4042
405,439.00,79.00,11.0000,11.7047,12.0416,11.5821,180.97,109.98,131.63,5.2879
406,62.00,167.00,13.6015,13.8924,14.8661,14.1200,220.62,76.85,149.38,6.8948
407,186.00,381.00,11.4018,13.0000,13.6015,12.6677,197.93,127.87,106.10,5.4927
408,228.00,480.00,12.2066,13.3417,18.6011,14.7164,229.94,112.00,91.26,5.8161
409,120.00,333.00,10.8167,13.1529,18.3848,14.1181,220.60,114.94,33.93,4.8339
410,82.00,355.00,12.1655,12.8062,14.3178,13.0965,204.63,131.88,124.24,5.1991
411,231.00,429.00,11.6619,11.7047,13.1529,12.1732,190.21,129.05,112.22,5.3363
412,22.00,405.00,11.1803,13.0384,13.1529,12.4572,194.64,120.96,125.31,5.3089
413,12.00,120.00,10.6301,12.5300,15.6525,12.9375,202.15,110.20,104.62,5.0577
414,177.00,296.00,12.8062,13.4536,13.6015,13.2871,207.61,176.67,87.37,6.0480
415,390.00,304.00,11.1803,11.1803,18.6815,13.6807,213.76,126.87,132.09,4.9832
416,369.00,37.00,13.6015,16.0000,16.5529,15.3848,240.39,162.90,42.12,5.6474
417,177.00,45.00,11.7047,13.6015,14.1421,13.1494,205.46,106.04,64.98,7.5385
418,355.00,260.00,15.8114,17.0294,17.8885,16.9098,264.22,111.80,171.87,5.1541
419,30.00,316.00,11.7047,12.2066,15.6205,13.1773,205.89,144.98,120.21,5.7233
420,485.00,158.00,11.0000,12.0830,12.8062,11.9631,186.92,114.44,128.66,5.3069
421,475.00,405.00,10.2956,11.4018,14.0357,11.9110,186.11,135.69,114.97,5.4016
422,411.00,406.00,16.0000,17.4642,19.0263,17.4968,273.39,103.24,86.99,5.4013
423,356.00,433.00,11.6619,13.3417,16.1245,13.7094,214.21,43.96,156.16,5.5104
424,19.00,85.00,10.4403,10.8167,15.0333,12.0968,189.01,129.61,69.49,4.5575
425,13.00,94.00,10.8167,12.0416,13.4164,12.0916,188.93,128.45,119.74,4.7083
426,492.00,196.00,10.6301,12.0000,13.6015,12.0772,188.71,131.19,121.71,5.0000
427,13.00,320.00,10.6301,13.4536,17.0000,13.6946,213.98,83.17,41.19,5.8995
428,385.00,143.00,16.1555,17.0294,17.6918,16.9589,264.98,115.17,115.49,4.9521
429,228.00,8.00,9.0554,10.8167,15.1327,11.6683,182.32,117.35,13.93,4.9159
430,357.00,183.00,10.6301,12.3693,13.0384,12.0126,187.70,124.78,135.58,5.0029
431,281.00,216.00,10.1980,12.0830,13.4164,11.8992,185.92,166.87,142.13,5.1703
432,396.00,60.00,11.1803,17.2047,18.0278,15.4709,241.73,45.84,150.26,4.8109
433,71.00,416.00,13.8924,14.4222,18.0278,15.4475,241.37,86.57,169.18,4.7537
434,230.00,201.00,8.5440,11.1803,14.2127,11.3123,176.76,173.99,59.85,5.6365
435,429.00,109.00,12.0416,12.0830,12.2066,12.1104,189.22,119.21,120.23,4.9361
436,225.00,502.00,9.2195,12.6491,14.1421,12.0036,187.56,112.17,131.27,5.8732
437,389.00,171.00,10.6301,11.0454,12.0830,11.2529,175.83,136.38,114.37,5.7446
438,109.00,393.00,10.8167,11.4018,13.3417,11.8534,185.21,131.05,110.70,5.0961
439,179.00,275.00,14.1421,14.2127,14.4222,14.2590,222.80,174.29,101.31,6.2698
440,75.00,495.00,10.7703,12.1655,12.2066,11.7141,183.03,121.26,123.21,5.2723
441,405.00,96.00,11.7047,16.1245,16.9706,14.9333,233.33,102.86,115.02,4.8969
442,400.00,357.00,10.2956,13.1529,15.1327,12.8604,200.94,142.20,111.46,5.5693
443,319.00,459.00,13.1529,14.3178,16.1245,14.5318,227.06,159.16,51.51,4.9867
444,334.00,336.00,12.1655,12.5300,13.4536,12.7164,198.69,128.07,128.55,5.3801
445,197.00,99.00,16.0312,16.1245,17.0294,16.3950,256.17,63.83,136.19,4.4419
446,501.00,11.00,12.0830,17.1172,21.2132,16.8045,262.57,121.15,69.44,5.3116
447,275.00,380.00,12.0416,13.0384,16.2788,13.7863,215.41,89.64,174.14,5.8410
448,315.00,344.00,10.4403,12.2066,13.3417,11.9962,187.44,128.31,119.69,5.5723
449,274.00,249.00,8.9443,9.8489,11.6619,10.1517,158.62,177.40,57.53,5.3201
450,300.00,228.00,9.4340,12.3693,14.0357,11.9463,186.66,136.04,53.91,5.4466
451,282.00,479.00,11.3137,12.1655,18.4391,13.9728,218.32,125.54,94.40,5.2442
452,154.00,494.00,12.0000,12.8062,17.8045,14.2036,221.93,141.34,128.16,5.3693
453,340.00,265.00,13.3417,15.8114,18.3576,15.8369,247.45,84.56,47.65,5.5004
454,270.00,506.00,10.0499,11.4018,19.4165,13.6227,212.85,136.41,96.18,4.9815
455,327.00,376.00,11.0454,12.8062,13.8924,12.5814,196.58,136.15,125.45,5.7117
456,321.00,272.00,12.8062,13.8924,16.2788,14.3258,223.84,171.60,130.72,5.6540
457,102.00,283.00,14.5602,16.1245,16.7631,15.8159,247.12,98.82,56.70,6.5536
458,18.00,55.00,10.4403,13.4164,14.1421,12.6663,197.91,136.74,114.83,4.7605
459,86.00,285.00,14.2127,15.2971,16.1245,15.2114,237.68,129.40,122.16,5.7448
460,115.00,466.00,10.1980,11.4018,16.2788,12.6262,197.28,153.43,111.93,5.0155
461,177.00,433.00,11.1803,12.0830,14.3178,12.5271,195.74,145.25,112.40,5.0803
462,473.00,385.00,10.0499,12.8062,13.0384,11.9648,186.95,122.95,128.18,5.6622
463,418.00,328.00,9.0000,12.0000,16.1245,12.3748,193.36,180.00,60.26,5.7320
464,391.00,282.00,12.6491,13.0384,13.3417,13.0097,203.28,129.09,121.43,5.1822
465,193.00,445.00,11.4018,11.6619,14.0357,12.3664,193.23,133.78,109.34,5.1830
466,243.00,106.00,8.5440,13.3417,13.4164,11.7674,183.86,97.56,42.88,6.8618
467,58.00,384.00,12.8062,13.0000,16.0000,13.9354,217.74,118.72,128.66,4.9074
468,460.00,51.00,10.0000,10.6301,17.0294,12.5532,196.14,138.81,86.63,5.2287
469,450.00,474.00,11.0454,12.0416,13.8924,12.3265,192.60,136.83,115.06,5.1914
470,293.00,241.00,12.2066,12.3693,14.7648,13.1136,204.90,110.96,173.31,5.2368
471,496.00,158.00,11.0000,12.2066,12.5300,11.9122,186.13,124.99,118.61,5.1671
472,456.00,414.00,11.1803,12.0416,12.0830,11.7683,183.88,111.80,128.99,5.2665
473,470.00,226.00,11.7047,12.0416,12.2066,11.9843,187.25,114.75,125.02,4.6154
474,11.00,356.00,12.0416,12.6491,17.4642,14.0517,219.56,119.93,151.61,5.7503
475,383.00,256.00,11.7047,12.0416,12.6491,12.1318,189.56,155.25,91.55,5.5079
476,382.00,179.00,10.6301,12.3693,14.8661,12.6218,197.22,145.22,119.16,5.6700
477,7.00,42.00,11.4018,16.1245,17.0294,14.8519,232.06,135.00,101.89,5.3319
478,184.00,74.00,13.8924,14.3178,14.8661,14.3588,224.36,174.52,107.47,4.5139
479,407.00,423.00,11.1803,13.4536,17.4642,14.0327,219.26,121.68,113.55,5.2881
480,78.00,377.00,12.3693,13.0384,13.4536,12.9538,202.40,136.51,123.98,5.2133
481,315.00,505.00,9.4868,11.0454,14.5602,11.6975,182.77,156.37,124.38,4.6779
482,367.00,149.00,10.7703,12.1655,17.0000,13.3120,208.00,31.26,83.73,5.0521
483,424.00,67.00,11.0454,17.0294,17.4642,15.1797,237.18,135.43,151.18,4.9470
484,434.00,402.00,8.0623,14.5602,14.8661,12.4962,195.25,103.80,102.53,5.1349
485,314.00,18.00,12.0000,12.1655,15.0000,13.0552,203.99,170.54,90.00,5.8691
486,5.00,63.00,10.0499,10.4403,15.2643,11.9182,186.22,157.59,64.10,5.3153
487,6.00,247.00,9.2195,17.7200,18.1108,15.0168,234.64,33.01,34.26,5.8525
488,296.00,491.00,11.1803,11.1803,17.0294,13.1300,205.16,126.87,23.20,4.6805
489,488.00,137.00,10.0000,12.5300,12.8062,11.7787,184.04,118.61,128.66,5.5103
490,249.00,421.00,12.1655,13.0000,13.4536,12.8730,201.14,122.08,128.55,5.1623
491,195.00,19.00,13.1529,15.2971,15.6205,14.6902,229.53,87.44,138.55,7.6328
492,434.00,120.00,12.0830,12.1655,12.2066,12.1517,189.87,123.91,120.56,4.8701
493,269.00,57.00,11.7047,13.0000,13.0384,12.5810,196.58,177.36,102.49,5.9003
494,38.00,416.00,11.0454,13.4164,17.0880,13.8499,216.41,121.76,164.64,5.2409
495,62.00,362.00,12.0416,12.6491,13.1529,12.6146,197.10,119.93,122.89,5.1642
496,171.00,452.00,11.0454,11.3137,13.4164,11.9252,186.33,129.81,121.76,4.8936
497,251.00,200.00,7.2801,11.6619,13.9284,10.9568,171.20,74.98,143.02,5.9068
498,212.00,88.00,14.8661,15.0000,15.2643,15.0435,235.05,146.52,128.74,6.2641
499,125.00,315.00,12.1655,13.6015,17.4929,14.4200,225.31,97.64,49.57,4.7071
500,4.00,268.00,10.1980,19.7990,21.0950,17.0307,266.10,33.69,95.87,5.6278
501,237.00,419.00,11.6619,12.1655,12.6491,12.1588,189.98,111.50,130.60,5.4650
502,59.00,462.00,12.0416,12.0416,12.5300,12.2044,190.69,126.87,123.37,5.1824
503,27.00,415.00,11.0454,11.1803,11.4018,11.2092,175.14,121.76,122.68,5.4936
504,4.00,25.00,9.4868,17.0880,17.2627,14.6125,228.32,2.12,98.43,4.7930
505,153.00,358.00,10.1980,12.2066,17.8045,13.4030,209.42,133.70,153.15,5.0868
506,416.00,129.00,11.0454,11.6619,17.0294,13.2456,206.96,115.77,144.96,4.8340
507,246.00,86.00,9.2195,11.0000,13.3417,11.1871,174.80,139.40,117.61,6.6767
508,488.00,63.00,11.4018,12.0416,12.0830,11.8421,185.03,123.11,117.68,4.9524
509,382.00,70.00,12.3693,16.2788,17.0880,15.2454,238.21,123.45,83.48,4.6744
510,392.00,411.00,14.5602,17.1172,18.7883,16.8219,262.84,157.34,131.15,4.9870
511,239.00,57.00,14.8661,17.2627,18.6815,16.9368,264.64,170.35,125.18,5.8560
512,21.00,34.00,9.4868,14.4222,15.0333,12.9808,202.82,164.74,165.38,4.8393
513,444.00,39.00,13.6015,16.9706,17.0000,15.8573,247.77,27.90,45.18,5.1818
514,126.00,375.00,11.7047,12.0416,12.1655,11.9706,187.04,118.38,119.45,5.0387
515,226.00,222.00,8.9443,11.1803,12.3693,10.8313,169.24,180.00,130.60,4.9265
516,199.00,187.00,14.4222,15.1327,18.0278,15.8609,247.83,26.10,36.87,4.8260
517,404.00,336.00,10.0000,11.1803,14.0357,11.7387,183.42,132.83,122.78,5.5997
518,10.00,440.00,14.1421,14.3178,18.0278,15.4959,242.12,93.96,94.95,5.6523
519,415.00,498.00,6.3246,11.6619,14.7648,10.9171,170.58,130.60,80.13,6.0079
520,72.00,323.00,10.4403,12.5300,14.3178,12.4294,194.21,134.69,131.47,4.9456
521,53.00,267.00,13.0000,15.1327,16.2788,14.8039,231.31,97.59,47.49,5.4503
522,254.00,433.00,10.6301,13.0000,13.0000,12.2100,190.78,131.19,116.19,4.9620
523,379.00,500.00,9.4340,11.0000,12.8062,11.0801,173.13,122.01,109.33,5.0155
524,16.00,191.00,14.1421,15.0000,16.2788,15.1403,236.57,135.00,140.64,6.4100
525,230.00,393.00,14.0357,14.3178,14.3178,14.2238,222.25,98.01,118.86,5.5217
526,318.00,354.00,10.4403,12.1655,12.2066,11.6041,181.31,116.16,128.31,5.3176
527,151.00,292.00,12.0416,13.0384,14.3178,13.1326,205.20,136.03,113.59,5.1777
528,93.00,250.00,10.1980,12.0830,13.8924,12.0578,188.40,166.87,71.05,5.6547
529,351.00,487.00,11.7047,12.0416,12.2066,11.9843,187.25,114.75,125.02,5.6004
530,394.00,394.00,17.1172,18.0278,18.2483,17.7978,278.09,116.98,177.25,4.7038
531,263.00,364.00,15.0000,15.0333,17.0000,15.6778,244.97,93.81,28.07,4.9052
532,371.00,478.00,11.0000,12.8062,16.1245,13.3103,207.97,128.66,119.74,5.6456
533,251.00,140.00,12.0416,13.3417,14.0357,13.1396,205.31,171.77,81.15,5.2773
534,8.00,229.00,11.7047,16.2788,18.1108,15.3648,240.07,149.40,26.32,5.3220
535,362.00,98.00,12.0416,12.8062,17.8885,14.2455,222.59,123.90,68.20,5.0947
536,149.00,313.00,11.3137,12.0000,13.6015,12.3051,192.27,135.00,117.90,5.0886
537,4.00,84.00,11.1803,11.4018,13.4536,12.0119,187.69,154.44,148.32,4.9951
538,469.00,72.00,11.7047,12.1655,12.2066,12.0256,187.90,119.45,125.02,4.9755
539,336.00,315.00,8.9443,14.4222,15.1327,12.8331,200.52,150.26,71.03,5.2975
540,393.00,82.00,12.6491,16.2788,16.2788,15.0689,235.45,97.82,119.05,4.7255
541,243.00,462.00,12.0416,12.0416,12.0830,12.0554,188.37,126.87,119.21,5.1008
542,373.00,442.00,8.9443,16.5529,18.0000,14.4991,226.55,91.55,26.57,5.0550
543,26.00,369.00,11.0454,11.3137,16.0312,12.7968,199.95,129.81,171.23,5.6698
544,138.00,346.00,12.0416,12.0830,13.1529,12.4259,194.15,113.92,122.89,4.9805
545,24.00,385.00,10.2956,12.0416,16.1245,12.8206,200.32,123.82,143.82,5.5774
546,32.00,231.00,11.1803,11.1803,11.7047,11.3551,177.42,163.74,136.55,6.1405
547,420.00,215.00,12.3693,13.1529,13.3417,12.9546,202.42,112.78,88.96,4.7359
548,90.00,316.00,12.6491,13.4536,14.3178,13.4735,210.52,119.58,133.21,4.7099
549,87.00,236.00,12.2066,13.0000,13.0000,12.7355,198.99,145.01,102.37,5.6325
550,118.00,288.00,7.0711,14.3178,15.0000,12.1296,189.53,159.78,135.00,5.9592
551,65.00,239.00,9.2195,12.6491,13.0384,11.6357,181.81,120.96,135.00,5.6457
552,331.00,30.00,13.3417,14.0357,15.0000,14.1258,220.72,81.09,102.99,5.6346
553,372.00,131.00,16.1555,17.6918,18.6815,17.5096,273.59,64.51,127.33,5.2345
554,68.00,434.00,9.2195,12.5300,18.2483,13.3326,208.32,168.01,140.06,4.8031
555,130.00,355.00,11.7047,12.0416,13.1529,12.2997,192.18,118.38,118.73,4.9062
556,349.00,84.00,12.1655,13.0384,14.3178,13.1739,205.84,138.07,124.24,4.8043
557,360.00,507.00,10.6301,11.0454,18.8680,13.5145,211.16,133.62,106.81,4.4716
558,453.00,111.00,11.0454,11.1803,13.0384,11.7547,183.67,121.76,117.28,5.0116
559,41.00,471.00,10.7703,11.6619,13.1529,11.8617,185.34,127.23,120.55,4.9905
560,204.00,6.00,11.0000,11.6619,15.8114,12.8244,200.38,120.96,55.30,4.9393
561,425.00,152.00,9.4868,12.0416,13.6015,11.7100,182.97,150.07,107.59,5.3497
562,498.00,137.00,10.0000,12.0830,12.8062,11.6298,181.72,114.44,128.66,5.3243
563,418.00,202.00,12.1655,13.1529,13.9284,13.0823,204.41,89.28,120.50,4.8872
564,23.00,242.00,11.0000,11.1803,14.2127,12.1310,189.55,169.70,50.71,5.6346
565,260.00,338.00,11.3137,16.2788,20.0250,15.8725,248.01,92.49,47.86,4.8466
566,389.00,105.00,11.0000,15.2315,18.3576,14.8630,232.23,113.20,60.64,4.8479
567,358.00,240.00,16.1555,17.0294,17.6918,16.9589,264.98,108.43,115.49,4.6044
568,274.00,392.00,11.0454,12.0416,12.6491,11.9120,186.13,99.96,103.24,5.8636
569,374.00,195.00,10.0000,13.1529,13.6015,12.2515,191.43,135.62,126.03,5.2017
570,24.00,459.00,10.7703,11.1803,13.0384,11.6630,182.23,131.63,116.20,5.0448
571,360.00,6.00,13.0000,15.2315,15.2315,14.4877,226.37,113.20,156.80,4.5947
572,444.00,6.00,12.0416,12.0416,16.2788,13.4540,210.22,126.87,89.12,4.4513
573,37.00,254.00,11.0454,12.3693,13.4536,12.2894,192.02,171.16,132.82,5.8514
574,14.00,303.00,12.0830,12.1655,17.0294,13.7593,214.99,123.91,152.19,5.7884
575,207.00,231.00,8.0623,10.2956,13.6015,10.6531,166.45,179.31,133.15,5.3950
576,198.00,83.00,14.8661,16.0312,16.1245,15.6739,244.91,73.92,116.78,5.6234
577,50.00,225.00,10.4403,12.2066,13.9284,12.1918,190.50,128.31,127.74,5.6904
578,435.00,68.00,11.0454,11.7047,12.2066,11.6522,182.07,115.18,119.80,5.1090
579,121.00,302.00,13.1529,13.6015,14.3178,13.6907,213.92,81.64,93.35,5.1494
580,254.00,399.00,7.2801,10.8167,13.9284,10.6751,166.80,162.26,95.09,6.4295
581,371.00,252.00,12.6491,17.4642,17.6918,15.9351,248.99,42.06,155.73,5.0622
582,115.00,507.00,9.4340,12.0416,18.1108,13.1954,206.18,126.77,38.35,4.9194
583,454.00,374.00,7.2801,13.4536,14.1421,11.6253,181.65,147.93,119.05,5.6321
584,401.00,40.00,9.4340,15.8114,18.4391,14.5615,227.52,140.44,107.39,4.9270
585,54.00,422.00,11.6619,17.0880,18.0278,15.5926,243.63,51.52,168.48,5.0986
586,139.00,326.00,10.8167,13.1529,14.0000,12.6565,197.76,137.56,123.69,5.1399
587,67.00,283.00,11.0000,13.4536,14.3178,12.9238,201.93,131.99,102.09,5.2546
588,206.00,478.00,11.4018,11.4018,14.0357,12.2797,191.87,126.87,109.34,5.7409
589,225.00,80.00,12.7279,13.1529,15.2643,13.7151,214.30,126.25,166.61,6.9215
590,53.00,5.00,9.8489,12.3693,15.0333,12.4172,194.02,38.00,110.15,4.3147
591,429.00,47.00,12.1655,17.0000,17.0294,15.3983,240.60,52.47,120.77,5.1421
592,41.00,278.00,12.1655,13.0384,13.3417,12.8485,200.76,138.07,112.46,6.2589
593,56.00,402.00,9.2195,16.2788,18.1108,14.5364,227.13,128.78,43.06,4.5122
594,311.00,364.00,12.0830,12.2066,18.8680,14.3859,224.78,120.56,146.45,5.5691
595,318.00,323.00,11.7047,13.9284,15.6205,13.7512,214.86,131.02,120.21,5.3722
596,109.00,362.00,10.1980,12.0416,12.0830,11.4409,178.76,120.32,125.75,5.0393
597,403.00,118.00,17.0294,17.2047,17.4642,17.2328,269.26,75.77,116.13,4.9761
598,221.00,63.00,14.4222,15.2643,17.0294,15.5720,243.31,114.70,127.06,7.0018
599,322.00,147.00,10.7703,13.3417,13.6015,12.5712,196.42,98.81,85.30,5.1881
600,102.00,5.00,13.1529,18.0278,25.4951,18.8919,295.19,168.07,2.56,3.2966
601,9.00,403.00,10.7703,11.1803,13.1529,11.7012,182.83,131.63,120.55,5.5643
602,77.00,274.00,13.0000,13.4536,14.2127,13.5554,211.80,109.37,163.33,5.6836
603,375.00,111.00,15.2315,18.3848,18.4391,17.3518,271.12,111.80,72.60,5.3843
604,345.00,29.00,8.5440,12.1655,12.7279,11.1458,174.15,78.91,65.56,5.2428
605,163.00,27.00,8.9443,10.2956,12.6491,10.6297,166.09,177.51,135.00,7.3870
606,293.00,417.00,12.0416,12.0416,12.0416,12.0416,188.15,90.00,136.40,5.3413
607,149.00,381.00,11.7047,13.3417,17.4929,14.1797,221.56,83.01,10.98,4.8486
608,42.00,384.00,15.1327,16.0000,16.0000,15.7109,245.48,97.59,172.41,5.1531
609,4.00,105.00,10.4403,14.2127,15.0333,13.2288,206.70,55.99,110.51,4.3536
610,32.00,333.00,12.8062,13.0000,14.0357,13.2806,207.51,106.04,137.25,5.2814
611,85.00,188.00,13.9284,16.0312,16.4924,15.4840,241.94,65.39,173.00,5.2754
612,264.00,455.00,10.8167,11.4018,13.1529,11.7905,184.23,131.05,114.94,5.6024
613,399.00,258.00,10.1980,13.0384,16.1245,13.1203,205.00,173.09,94.18,4.9904
614,357.00,297.00,12.0416,13.9284,14.8661,13.6120,212.69,62.67,158.02,4.5868
615,106.00,321.00,12.8062,15.2315,16.7631,14.9336,233.34,105.46,56.01,4.6467
616,269.00,162.00,9.2195,12.0416,15.0000,12.0870,188.86,82.23,130.60,5.0534
617,259.00,412.00,10.0499,13.4536,13.9284,12.4773,194.96,132.30,116.75,5.4619
618,131.00,469.00,14.7648,16.2788,16.2788,15.7742,246.47,70.81,141.08,3.6991
619,48.00,311.00,10.4403,12.5300,14.4222,12.4642,194.75,135.31,129.61,5.2449
620,251.00,172.00,12.3693,13.0000,13.1529,12.8408,200.64,171.42,95.29,4.7797
621,297.00,383.00,11.1803,11.1803,12.0416,11.4674,179.18,126.87,111.80,6.2613
622,400.00,170.00,11.0454,15.1327,16.2788,14.1523,221.13,87.60,174.57,5.3795
623,52.00,328.00,11.4018,13.0000,13.0384,12.4801,195.00,127.88,132.27,5.1681
624,357.00,203.00,11.0000,13.8924,18.7883,14.5602,227.50,120.26,25.20,5.0128
625,373.00,6.00,10.6301,13.0000,18.0000,13.8767,216.82,138.81,48.81,4.2555
626,391.00,206.00,11.3137,13.6015,15.1327,13.3493,208.58,117.90,142.59,5.4091
627,375.00,213.00,8.0623,12.2066,17.4642,12.5777,196.53,132.12,30.75,5.1714
628,67.00,209.00,9.4868,15.0000,16.7631,13.7500,214.84,145.30,144.21,5.5481
629,13.00,337.00,11.4018,11.4018,11.6619,11.4885,179.51,90.00,111.16,5.7919
630,323.00,397.00,9.2195,14.2127,16.4012,13.2778,207.47,128.18,140.10,4.9934
631,267.00,466.00,11.4018,12.5300,13.0384,12.3234,192.55,136.13,109.65,5.1744
632,67.00,342.00,11.4018,12.0416,12.3693,11.9376,186.52,123.11,119.29,5.1911
633,242.00,40.00,12.5300,17.2627,19.2094,16.3340,255.22,141.38,157.27,5.3011
634,220.00,407.00,10.8167,13.0000,13.6015,12.4727,194.89,123.69,129.21,5.5612
635,53.00,293.00,11.3137,13.0000,14.0357,12.7831,199.74,135.00,130.91,5.4497
636,452.00,189.00,10.0499,15.5242,17.0000,14.1914,221.74,99.22,56.22,4.7568
637,470.00,51.00,10.0000,11.4018,12.5300,11.3106,176.73,127.88,118.61,4.9237
638,310.00,299.00,9.2195,10.0000,10.8167,10.0121,156.44,139.40,83.09,5.5813
639,267.00,315.00,10.7703,11.7047,14.5602,12.3451,192.89,138.22,95.86,5.6238
640,357.00,411.00,9.2195,9.4868,13.8924,10.8663,169.79,174.09,42.79,5.0742
641,22.00,5.00,12.7279,14.1421,14.3178,13.7293,214.52,53.13,122.91,5.2273
642,75.00,333.00,10.4403,11.4018,12.0416,11.2946,176.48,121.95,121.67,5.1838
643,82.00,224.00,12.8062,13.0000,13.4164,13.0742,204.28,118.72,102.09,5.1633
644,338.00,91.00,13.0384,13.0384,13.4164,13.1644,205.69,180.00,84.09,4.9622
645,159.00,261.00,12.0830,12.1655,12.5300,12.2595,191.55,123.91,126.95,5.0713
646,247.00,401.00,7.2801,15.2315,16.2788,12.9302,202.03,172.75,58.46,6.0193
647,444.00,243.00,10.1980,11.1803,12.0830,11.1538,174.28,111.61,103.13,4.7449
648,71.00,7.00,13.0384,15.6525,18.1108,15.6006,243.76,157.83,169.26,3.5655
649,232.00,374.00,7.2111,14.1421,18.8680,13.4071,209.49,64.44,24.30,4.6367
650,164.00,324.00,10.2956,11.1803,17.4642,12.9801,202.81,161.25,52.68,5.0088
651,469.00,183.00,15.8114,17.0000,17.0294,16.6136,259.59,43.49,68.20,4.4741
652,263.00,13.00,9.8995,10.1980,19.3132,13.1369,205.26,146.31,66.25,4.5466
653,257.00,120.00,10.6301,12.5300,18.9737,14.0446,219.45,102.58,149.62,5.8648
654,271.00,326.00,11.7047,14.2127,16.2788,14.0654,219.77,160.69,117.51,5.0503
655,405.00,226.00,11.0454,11.4018,12.1655,11.5375,180.27,169.94,94.27,4.8363
656,386.00,29.00,13.4164,13.9284,16.0000,14.4483,225.75,95.53,153.43,4.9233
657,253.00,311.00,11.0454,12.5300,14.5602,12.7118,198.62,146.20,111.14,5.1889
658,307.00,428.00,12.1655,16.0312,16.7631,14.9866,234.17,166.96,116.82,5.1666
659,227.00,93.00,9.2195,13.0000,13.1529,11.7908,184.23,130.60,130.65,6.4595
660,66.00,306.00,12.0416,13.0384,13.4164,12.8321,200.50,152.29,111.80,4.8480
661,319.00,414.00,14.1421,14.5602,17.4642,15.3889,240.45,172.18,111.37,4.8999
662,233.00,181.00,12.0830,12.8062,13.0384,12.6426,197.54,165.78,56.92,5.4422
663,323.00,179.00,13.6015,15.5242,18.7883,15.9713,249.55,87.83,81.90,4.2311
664,374.00,421.00,15.0333,18.0278,19.7231,17.5947,274.92,89.37,26.65,4.3236
665,352.00,280.00,14.4222,15.6525,17.7200,15.9316,248.93,150.26,50.08,4.6318
666,12.00,384.00,11.4018,12.0416,12.0830,11.8421,185.03,123.11,117.68,5.9436
667,386.00,45.00,13.0384,15.8114,16.0000,14.9499,233.59,112.83,175.60,5.0802
668,161.00,241.00,11.4018,12.1655,12.5300,12.0324,188.01,118.41,113.51,4.6838
669,47.00,215.00,10.4403,15.2643,15.2971,13.6672,213.55,138.31,174.61,5.4646
670,70.00,353.00,11.4018,12.0416,12.1655,11.8696,185.46,123.11,114.72,4.9890
671,106.00,433.00,11.1803,11.7047,14.8661,12.5837,196.62,136.55,105.71,4.2964
672,151.00,348.00,9.8489,10.1980,13.1529,11.0666,172.92,144.73,105.22,4.9845
673,281.00,91.00,11.4018,11.7047,13.0384,12.0483,188.25,162.11,70.35,5.5979
674,200.00,326.00,10.6301,13.3417,15.0333,13.0017,203.15,125.82,135.00,4.5842
675,302.00,472.00,14.0357,15.8114,17.7200,15.8557,247.75,128.78,167.70,4.9334
676,83.00,300.00,13.0000,15.2971,17.0880,15.1284,236.38,168.69,87.94,4.6685
677,406.00,32.00,9.4340,11.4018,12.0000,10.9452,171.02,132.74,122.01,4.8691
678,48.00,173.00,12.2066,13.0384,14.8661,13.3703,208.91,157.46,102.73,6.4553
679,366.00,78.00,9.4340,14.0000,16.9706,13.4682,210.44,147.99,77.01,4.7365
680,59.00,317.00,12.5300,13.0384,13.0384,12.8689,201.08,86.14,93.86,4.6845
681,356.00,117.00,11.7047,12.0000,17.0294,13.5780,212.16,70.02,20.25,4.8908
682,354.00,402.00,9.4868,12.0830,13.1529,11.5743,180.85,137.12,117.18,5.4530
683,3.00,507.00,8.9443,17.4642,18.0000,14.8028,231.29,39.81,26.57,5.2469
684,337.00,60.00,12.0416,12.0830,12.5300,12.2182,190.91,113.92,103.02,4.9292
685,35.00,298.00,10.4403,11.4018,13.9284,11.9235,186.30,125.43,127.74,5.8792
686,217.00,305.00,11.4018,15.2971,19.6469,15.4486,241.38,116.57,89.49,4.6210
687,7.00,373.00,9.4340,12.0830,17.4642,12.9938,203.03,97.56,44.75,5.6814
688,401.00,248.00,10.1980,11.0454,13.1529,11.4654,179.15,173.88,92.56,4.7393
689,119.00,281.00,7.0711,16.0000,17.1172,13.3961,209.31,98.13,75.16,6.0135
690,200.00,292.00,10.1980,13.6015,19.2354,14.3450,224.14,118.41,159.72,5.1277
691,381.00,13.00,10.6301,11.7047,13.6015,11.9788,187.17,158.80,95.16,4.7766
692,131.00,190.00,14.0357,15.2971,17.0000,15.4442,241.32,74.60,66.01,4.3194
693,222.00,113.00,13.0384,13.0384,13.6015,13.2261,206.66,180.00,77.30,5.0394
694,26.00,263.00,12.1655,13.8924,14.2127,13.4235,209.74,140.28,48.75,5.8716
695,305.00,194.00,7.0711,8.9443,13.6015,9.8723,154.25,108.43,154.77,5.9796
696,4.00,330.00,11.4018,13.4536,16.1245,13.6600,213.44,85.89,45.00,5.4338
697,276.00,45.00,12.0830,13.1529,13.8924,13.0428,203.79,123.19,125.30,5.2170
698,292.00,373.00,11.1803,16.6433,18.3848,15.4028,240.67,149.30,94.18,5.5054
699,338.00,191.00,8.6023,12.0000,16.1245,12.2423,191.29,144.46,118.41,4.1867
700,269.00,413.00,10.0499,12.0830,12.7279,11.6203,181.57,120.15,129.29,5.2975
701,313.00,85.00,11.3137,13.0384,14.5602,12.9708,202.67,130.60,119.05,4.6555
702,406.00,204.00,11.0000,12.1655,15.1327,12.7661,199.47,99.46,82.41,4.9313
703,299.00,329.00,12.3693,12.5300,15.5563,13.4852,210.71,137.35,59.04,5.1180
704,508.00,86.00,10.4403,10.7703,19.2094,13.4733,210.52,141.50,34.64,4.5196
705,304.00,404.00,12.0416,12.0416,13.4536,12.5123,195.50,90.00,142.78,5.0040
706,281.00,161.00,11.4018,12.0416,13.0000,12.1478,189.81,79.51,172.64,4.6576
707,318.00,219.00,10.7703,11.1803,13.4164,11.7890,184.20,122.11,131.63,4.4339
708,216.00,178.00,12.8062,15.8114,17.1172,15.2450,238.20,93.96,44.63,5.0320
709,40.00,323.00,12.2066,12.8062,13.0000,12.6709,197.98,86.33,167.63,5.0708
710,155.00,339.00,9.8489,13.1529,17.4929,13.4982,210.91,147.29,173.00,4.9775
711,74.00,174.00,13.8924,14.8661,17.0294,15.2626,238.48,72.53,56.38,5.0815
712,409.00,10.00,12.0416,12.0416,12.5300,12.2044,190.69,43.60,70.24,4.5751
713,63.00,184.00,6.4031,12.7279,13.6015,10.9108,170.48,173.66,55.76,6.5474
714,310.00,37.00,9.2195,11.7047,17.2627,12.7290,198.89,119.42,140.61,5.7136
715,508.00,242.00,10.2956,11.1803,18.3848,13.2869,207.61,140.64,38.57,4.5453
716,275.00,114.00,8.0623,12.0416,13.8924,11.3321,177.06,124.51,90.51,5.7844
717,418.00,32.00,12.0000,13.0384,13.3417,12.7934,199.90,85.60,167.01,4.5032
718,449.00,172.00,17.0880,17.0880,17.2627,17.1462,267.91,180.00,79.45,4.5993
719,284.00,194.00,9.0554,9.2195,11.1803,9.8184,153.41,173.81,16.65,5.0502
720,308.00,385.00,11.1803,11.6619,12.8062,11.8828,185.67,131.27,118.35,5.6486
721,257.00,52.00,13.0000,16.7631,18.6815,16.1482,252.32,50.03,141.86,5.1701
722,318.00,66.00,11.4018,13.0000,13.6015,12.6677,197.93,127.88,128.72,5.0349
723,186.00,173.00,15.0333,16.1245,16.6433,15.9337,248.96,176.69,61.08,5.0371
724,246.00,372.00,12.1655,12.8062,14.1421,13.0380,203.72,60.80,91.33,4.5228
725,286.00,173.00,10.0000,12.3693,13.0000,11.7898,184.22,14.04,157.38,4.7130
726,332.00,79.00,11.1803,13.4164,13.6015,12.7327,198.95,126.87,133.67,4.7923
727,456.00,7.00,8.9443,10.0000,12.0416,10.3286,161.38,116.57,148.67,4.7328
728,399.00,190.00,12.3693,15.6525,17.4642,15.1620,236.91,102.53,170.41,5.1017
729,320.00,199.00,11.4018,11.6619,15.8114,12.9583,202.47,136.22,146.31,4.3683
730,101.00,184.00,14.2127,16.1245,16.4924,15.6099,243.90,133.59,64.75,4.1524
731,366.00,64.00,11.4018,12.0416,14.0000,12.4811,195.02,110.02,164.74,5.0014
732,173.00,64.00,14.4222,14.8661,16.1245,15.1376,236.52,75.96,130.82,3.4820
733,255.00,291.00,9.4868,13.1529,19.1050,13.9149,217.42,99.69,167.57,5.1807
734,9.00,292.00,12.0830,13.4536,21.4009,15.6459,244.47,113.57,28.15,5.4595
735,368.00,203.00,10.0000,11.0000,12.2066,11.0689,172.95,126.87,108.14,5.1431
736,327.00,484.00,10.6301,11.4018,12.0830,11.3716,177.68,154.07,106.74,5.2524
737,131.00,404.00,10.6301,12.0416,15.6205,12.7641,199.44,179.55,88.62,4.4526
738,255.00,258.00,13.0384,14.0357,14.1421,13.7387,214.67,179.69,77.47,4.7081
739,204.00,131.00,13.6015,15.5242,15.8114,14.9790,234.05,129.04,35.54,3.1268
740,263.00,393.00,10.8167,11.0454,14.0357,11.9659,186.97,151.50,119.60,5.8293
741,7.00,158.00,13.0000,18.4391,19.2354,16.8915,263.93,26.78,95.28,5.4635
742,260.00,33.00,11.0454,19.2354,19.3132,16.5313,258.30,93.78,153.56,4.6604
743,267.00,433.00,11.4018,13.0000,13.3417,12.5811,196.58,127.88,129.13,5.2025
744,133.00,445.00,14.7648,15.2315,15.2971,15.0978,235.90,84.90,163.01,3.5554
745,321.00,77.00,11.1803,11.3137,11.4018,11.2986,176.54,124.70,115.56,4.8809
746,107.00,262.00,7.0000,14.0357,14.5602,11.8653,185.40,175.91,74.05,5.4657
747,395.00,294.00,11.1803,12.6491,13.0000,12.2765,191.82,135.00,116.57,4.7794
748,333.00,451.00,8.4853,13.0000,13.1529,11.5461,180.41,157.62,126.25,4.8603
749,167.00,305.00,10.0000,13.4536,15.2315,12.8951,201.49,138.01,113.20,5.1765
750,506.00,468.00,9.2195,11.0454,12.0000,10.7550,168.05,162.28,102.53,4.6959
751,456.00,213.00,9.2195,12.1655,12.2066,11.1972,174.96,111.99,112.46,5.0208
752,298.00,73.00,11.1803,14.4222,15.1327,13.5784,212.16,136.01,107.90,4.8346
753,58.00,250.00,13.0384,13.4164,17.7200,14.7250,230.08,95.91,163.92,5.1361
754,377.00,450.00,8.9443,10.7703,13.1529,10.9558,171.19,131.63,125.31,5.0490
755,105.00,225.00,9.4340,12.0830,14.0357,11.8509,185.17,123.55,126.09,5.2684
756,291.00,438.00,12.0416,13.4164,16.1555,13.8712,216.74,105.07,116.57,5.1204
757,203.00,273.00,9.4868,14.1421,17.4929,13.7073,214.18,116.57,40.60,4.9516
758,299.00,18.00,11.4018,12.0830,15.0000,12.8283,200.44,117.68,127.87,5.1636
759,432.00,209.00,9.0000,13.0000,13.4164,11.8055,184.46,157.38,63.43,4.7852
760,180.00,331.00,13.3417,13.8924,16.1245,14.4529,225.83,133.25,84.13,4.4286
761,510.00,344.00,9.0554,18.6011,20.2485,15.9683,249.50,42.59,26.57,5.1287
762,169.00,285.00,10.1980,13.6015,14.1421,12.6472,197.61,137.34,123.69,5.4001
763,245.00,20.00,12.7279,13.6015,14.1421,13.4905,210.79,98.97,126.87,4.6642
764,220.00,285.00,10.4403,12.0830,19.9249,14.1494,221.08,41.14,89.17,4.9986
765,259.00,89.00,12.5300,13.3417,14.2127,13.3614,208.77,131.61,112.10,5.5260
766,396.00,425.00,10.0000,11.1803,14.5602,11.9135,186.15,137.17,127.18,5.4129
767,250.00,128.00,10.6301,12.0416,16.4012,13.0243,203.50,134.05,93.62,5.1134
768,236.00,300.00,16.0000,19.6469,20.2485,18.6318,291.12,165.26,32.91,4.9497
769,206.00,252.00,8.5440,13.4164,13.4164,11.7923,184.25,132.88,47.12,4.7725
770,363.00,464.00,10.0000,10.7703,15.8114,12.1939,190.53,164.93,108.43,5.1767
771,72.00,193.00,12.7279,13.9284,16.2788,14.3117,223.62,113.96,177.51,5.6721
772,292.00,405.00,12.0416,12.0416,13.3417,12.4750,194.92,90.00,98.23,5.1296
773,327.00,98.00,10.0499,13.0384,14.2127,12.4337,194.28,153.24,33.58,4.7733
774,40.00,399.00,12.0830,15.1327,16.2788,14.4982,226.53,73.15,166.18,4.5602
775,63.00,230.00,9.2195,13.8924,13.9284,12.3468,192.92,137.21,123.57,5.3074
776,246.00,213.00,12.2066,13.6015,13.9284,13.2455,206.96,72.11,166.05,4.4644
777,101.00,423.00,11.1803,12.0830,12.3693,11.8776,185.59,128.99,130.60,4.0410
778,442.00,58.00,10.0000,12.2066,17.0294,13.0786,204.35,124.99,139.76,4.8887
779,446.00,221.00,10.0499,11.7047,12.6491,11.4679,179.19,165.73,102.72,4.8944
780,67.00,294.00,11.0000,12.0416,14.0357,12.3591,193.11,175.24,85.91,5.0043
781,412.00,370.00,11.4018,11.7047,16.1555,13.0873,204.49,94.73,127.06,4.9292
782,12.00,170.00,9.0000,11.4018,13.0000,11.1339,173.97,127.87,112.62,6.0263
783,450.00,79.00,11.0000,11.4018,13.4164,11.9394,186.55,127.88,116.57,4.9650
784,346.00,52.00,10.6301,11.4018,12.0416,11.3578,177.47,64.07,179.55,5.1059
785,206.00,507.00,8.9443,12.0416,18.2483,13.0781,204.34,121.33,36.03,5.0392
786,371.00,292.00,14.7648,14.8661,17.0294,15.5534,243.02,137.95,148.33,4.3319
787,342.00,172.00,6.7082,12.0416,15.5242,11.4247,178.51,158.20,101.63,3.9403
788,139.00,411.00,10.6301,13.6015,14.8661,13.0326,203.63,174.84,91.09,3.9462
789,159.00,211.00,10.7703,13.3417,13.8924,12.6681,197.94,124.80,127.94,4.8915
790,346.00,12.00,11.3137,15.2315,16.0312,14.1922,221.75,68.20,131.42,4.9421
791,274.00,284.00,10.8167,13.3417,13.6015,12.5866,196.67,136.68,129.21,4.7210
792,403.00,21.00,11.4018,11.7047,12.5300,11.8788,185.61,125.24,136.13,4.8467
793,444.00,276.00,7.0000,12.2066,12.5300,10.5788,165.29,55.01,118.61,5.7310
794,41.00,162.00,9.8995,12.8062,13.0384,11.9147,186.17,173.66,102.53,5.6353
795,283.00,71.00,10.4403,10.8167,15.1327,12.1299,189.53,129.61,114.29,5.4845
796,323.00,433.00,13.0000,13.1529,16.7631,14.3053,223.52,76.13,174.73,4.3028
797,79.00,428.00,12.5300,12.8062,14.4222,13.2528,207.08,169.95,84.92,3.8807
798,415.00,347.00,10.4403,12.0000,15.5563,12.6656,197.90,163.30,61.70,5.7652
799,196.00,67.00,13.6015,13.8924,15.5563,14.3501,224.22,132.64,152.10,6.0993
800,297.00,198.00,8.9443,9.8489,12.0830,10.2921,160.81,92.60,177.88,5.6678
801,366.00,273.00,13.4164,15.6525,17.0294,15.3661,240.10,126.87,156.80,4.8269
802,34.00,207.00,9.0554,12.2066,14.5602,11.9407,186.57,138.67,67.71,6.1661
803,421.00,11.00,8.9443,12.0416,15.5242,12.1700,190.16,68.20,101.63,4.3211
804,475.00,363.00,11.0454,11.4018,13.4164,11.9545,186.79,133.07,111.37,5.2398
805,183.00,91.00,16.1245,16.2788,17.0000,16.4678,257.31,167.23,57.82,3.0108
806,119.00,177.00,16.1555,16.2788,17.6918,16.7087,261.07,122.42,69.09,3.4624
807,268.00,346.00,11.3137,13.6015,14.1421,13.0191,203.42,152.10,180.00,4.4581
808,208.00,211.00,10.0000,13.0384,13.9284,12.3223,192.54,48.73,57.91,5.0098
809,345.00,104.00,7.2801,13.0384,14.7648,11.6944,182.73,78.45,134.25,5.0744
810,415.00,284.00,8.0623,12.2066,12.2066,10.8251,169.14,117.87,62.13,5.1498
811,354.00,65.00,12.0416,12.5300,15.2643,13.2786,207.48,156.15,116.84,4.8524
812,18.00,282.00,12.3693,12.6491,13.4536,12.8240,200.38,122.47,117.95,5.8736
813,34.00,361.00,10.6301,11.3137,11.6619,11.2019,175.03,93.81,162.15,5.3712
814,470.00,124.00,12.1655,12.8062,13.4164,12.7961,199.94,119.20,126.03,4.8682
815,493.00,179.00,9.0554,10.8167,13.4536,11.1086,173.57,130.03,125.65,4.8856
816,416.00,149.00,9.4868,11.6619,18.0000,13.0496,203.90,139.40,71.57,4.9393
817,225.00,243.00,8.0623,13.3417,13.3417,11.5819,180.97,132.74,47.26,4.2540
818,263.00,224.00,12.0830,12.6491,13.4164,12.7162,198.69,47.12,51.01,4.4910
819,270.00,271.00,12.1655,13.0384,13.0384,12.7474,199.18,95.06,84.94,4.8271
820,153.00,272.00,12.3693,12.5300,12.5300,12.4764,194.94,132.65,104.57,4.7503
821,203.00,224.00,8.0623,10.0499,12.0830,10.0651,157.27,114.03,84.70,5.3204
822,239.00,223.00,10.2956,11.4018,12.2066,11.3013,176.58,81.18,115.95,4.8891
823,416.00,167.00,16.0312,16.2788,17.4929,16.6010,259.39,75.80,152.61,5.0807
824,382.00,478.00,7.2111,11.0000,13.0000,10.4037,162.56,146.31,101.07,5.5981
825,355.00,470.00,10.0000,10.0000,12.1655,10.7218,167.53,180.00,133.67,5.2875
826,90.00,214.00,10.4403,11.6619,12.8062,11.6362,181.81,137.66,111.96,5.0042
827,240.00,93.00,9.2195,13.0000,13.3417,11.8537,185.21,130.60,126.40,6.2205
828,431.00,35.00,8.0623,12.1655,13.3417,11.1898,174.84,177.66,84.13,4.6894
829,100.00,236.00,12.0830,12.3693,13.0000,12.4841,195.06,141.52,114.44,5.2971
830,463.00,289.00,11.1803,11.6619,13.1529,11.9984,187.47,122.47,125.31,4.5532
831,465.00,166.00,12.0830,12.1655,17.0880,13.7789,215.29,123.91,86.11,4.6059
832,451.00,199.00,10.0499,12.6491,12.6491,11.7827,184.10,102.72,167.28,4.8287
833,295.00,508.00,8.0623,11.0000,17.0294,12.0305,187.98,119.74,33.11,3.9488
834,34.00,142.00,12.0416,12.0830,12.2066,12.1104,189.22,156.08,83.36,4.7754
835,262.00,68.00,11.6619,13.0384,16.7631,13.8211,215.96,116.57,166.39,5.0229
836,468.00,146.00,12.0416,12.0416,13.4164,12.4999,195.31,126.87,111.80,4.9158
837,503.00,489.00,10.7703,10.7703,12.0416,11.1941,174.91,136.40,107.04,4.7271
838,237.00,9.00,6.7082,9.0554,13.6015,9.7884,152.94,147.09,80.54,4.5992
839,193.00,341.00,7.0000,16.1555,16.4012,13.1856,206.02,111.80,52.43,4.3506
840,508.00,459.00,9.2195,11.0454,16.6433,12.3027,192.23,162.28,44.74,4.6428
841,235.00,268.00,11.6619,11.7047,12.5300,11.9655,186.96,79.02,149.57,5.5917
842,243.00,6.00,6.7082,13.0000,14.1421,11.2834,176.30,153.43,71.57,4.0070
843,130.00,204.00,13.6015,14.0357,16.4924,14.7099,229.84,166.98,93.07,4.6329
844,285.00,426.00,11.1803,12.0416,13.4164,12.2128,190.82,121.33,126.87,5.2315
845,163.00,221.00,10.7703,12.0416,12.1655,11.6591,182.17,116.57,121.26,4.6942
846,37.00,183.00,11.7047,12.2066,13.9284,12.6132,197.08,125.02,131.02,5.8393
847,319.00,289.00,9.0000,12.2066,12.5300,11.2455,175.71,145.01,151.39,5.0453
848,193.00,6.00,11.0000,13.1529,14.1421,12.7650,199.45,81.25,171.87,5.5149
849,339.00,211.00,14.1421,16.7631,17.0000,15.9684,249.51,62.35,106.93,3.9272
850,362.00,22.00,8.2462,11.1803,13.4536,10.9601,171.25,176.27,62.05,4.9793
851,118.00,247.00,14.3178,15.0333,18.6011,15.9841,249.75,98.28,48.35,4.8037
852,112.00,210.00,13.8924,15.6525,16.4012,15.3154,239.30,123.18,67.83,5.2573
853,183.00,212.00,11.4018,12.8062,13.6015,12.6032,196.92,90.78,73.90,4.6225
854,46.00,244.00,9.4868,12.1655,13.4164,11.6896,182.65,62.10,135.00,5.4036
855,418.00,316.00,10.4403,12.0000,12.0000,11.4801,179.38,163.30,106.70,4.8583
856,279.00,26.00,11.3137,12.5300,13.0384,12.2940,192.09,106.39,130.60,4.8275
857,384.00,268.00,12.0416,12.5300,14.3178,12.9631,202.55,146.63,106.86,4.6990
858,433.00,161.00,12.0416,17.0000,18.0278,15.6898,245.15,138.37,67.81,4.4924
859,84.00,204.00,11.6619,15.5242,16.0312,14.4058,225.09,73.97,145.46,4.6134
860,90.00,268.00,11.6619,14.3178,15.2643,13.7480,214.81,173.81,90.64,5.5109
861,222.00,46.00,16.5529,17.0294,19.4165,17.6663,276.04,61.62,126.91,5.7654
862,55.00,200.00,11.0000,13.0000,15.0000,13.0000,203.12,67.38,143.13,5.5738
863,188.00,240.00,6.7082,10.8167,14.8661,10.7970,168.70,172.87,68.84,4.5090
864,449.00,152.00,10.2956,11.4018,18.3576,13.3516,208.62,134.31,90.30,4.3042
865,312.00,231.00,10.8167,12.3693,13.4164,12.2008,190.64,137.73,119.74,4.2571
866,417.00,239.00,11.0000,11.1803,11.4018,11.1940,174.91,100.30,164.74,4.6148
867,324.00,256.00,10.7703,13.6015,15.5242,13.2987,207.79,175.30,36.73,4.7735
868,433.00,178.00,8.0623,14.8661,17.0000,13.3094,207.96,72.02,150.26,4.8573
869,134.00,171.00,16.1555,18.0278,19.2354,17.8062,278.22,124.51,59.23,2.4624
870,268.00,184.00,7.2801,12.2066,13.3417,10.9428,170.98,50.94,151.06,4.3176
871,185.00,56.00,8.6023,13.6015,14.4222,12.2087,190.76,90.49,178.15,6.0420
872,289.00,392.00,12.0416,13.3417,15.0000,13.4611,210.33,125.37,131.63,5.3069
873,287.00,458.00,11.4018,13.0000,14.0000,12.8006,200.01,119.51,127.87,5.1399
874,369.00,53.00,11.4018,16.0000,16.7631,14.7216,230.03,164.74,87.90,5.2754
875,113.00,456.00,9.4340,10.1980,13.0000,10.8773,169.96,136.68,122.01,4.6918
876,337.00,419.00,9.8489,11.4018,13.6015,11.6174,181.52,171.29,131.07,4.6377
877,422.00,274.00,11.0454,11.4018,12.1655,11.5375,180.27,159.55,104.66,5.2568
878,72.00,262.00,12.2066,13.0000,18.4391,14.5485,227.32,102.37,104.41,4.7356
879,214.00,333.00,8.0623,9.0000,15.6525,10.9049,170.39,172.87,70.56,3.7103
880,226.00,27.00,10.1980,10.7703,19.1050,13.3578,208.72,123.11,95.30,5.6128
881,21.00,170.00,9.0000,12.1655,18.3576,13.1744,205.85,170.54,29.36,5.8911
882,384.00,160.00,12.0830,13.0384,14.8661,13.3292,208.27,118.84,85.21,5.0396
883,45.00,301.00,10.4403,10.4403,11.3137,10.7314,167.68,123.40,118.30,5.5301
884,299.00,172.00,10.2956,13.0384,13.9284,12.4208,194.08,155.34,81.98,4.4627
885,314.00,48.00,11.7047,13.8924,15.2643,13.6205,212.82,140.24,128.41,5.1372
886,136.00,20.00,6.0828,13.4536,14.8661,11.4675,179.18,57.48,119.12,3.9103
887,241.00,257.00,11.4018,12.5300,13.8924,12.6081,197.00,136.13,44.49,4.8647
888,293.00,40.00,8.0623,13.0384,15.2971,12.1326,189.57,145.86,41.05,5.3657
889,343.00,246.00,8.4853,14.8661,15.8114,13.0542,203.97,64.65,116.57,4.4656
890,278.00,364.00,8.0000,14.3178,15.0000,12.4393,194.36,12.09,90.00,4.5022
891,204.00,37.00,8.5440,14.0357,16.2788,12.9528,202.39,114.64,148.82,7.1128
892,343.00,71.00,12.5300,12.5300,13.6015,12.8871,201.36,90.00,172.58,4.8808
893,308.00,167.00,10.2956,11.4018,16.1245,12.6073,196.99,166.20,58.80,4.3562
894,210.00,16.00,11.6619,12.0416,13.3417,12.3484,192.94,125.73,136.04,5.3924
895,329.00,282.00,5.0990,12.2066,12.8062,10.0373,156.83,133.70,139.97,5.4765
896,77.00,243.00,12.2066,12.6491,13.0000,12.6186,197.16,126.57,102.37,4.7213
897,257.00,236.00,7.6158,10.6301,11.0454,9.7638,152.56,64.38,72.00,4.8235
898,306.00,61.00,11.6619,13.0000,14.4222,13.0280,203.56,171.66,87.27,4.6465
899,433.00,141.00,11.1803,12.5300,13.6015,12.4373,194.33,128.92,115.72,4.3471
900,289.00,47.00,8.0623,10.6301,13.1529,10.6151,165.86,109.07,111.00,5.3345
901,203.00,368.00,8.0000,10.4403,13.6015,10.6806,166.88,73.30,72.90,4.5061
902,437.00,362.00,8.2462,14.1421,14.2127,12.2003,190.63,149.04,115.25,5.4933
903,415.00,261.00,10.1980,11.0454,12.0830,11.1088,173.58,106.50,103.13,5.2233
904,218.00,508.00,9.2195,12.0416,18.2483,13.1698,205.78,134.64,39.94,5.1217
905,314.00,260.00,9.4340,10.7703,13.8924,11.3656,177.59,100.20,178.25,5.0765
906,322.00,305.00,8.4853,12.8062,13.4164,11.5693,180.77,96.34,161.57,5.0028
907,99.00,200.00,15.5242,16.1245,16.4012,16.0166,250.26,112.06,127.50,4.6573
908,248.00,384.00,12.1655,12.6491,14.8661,13.2269,206.67,62.10,79.81,5.3869
909,329.00,221.00,11.1803,13.4536,14.1421,12.9254,201.96,142.29,124.70,3.9619
910,136.00,238.00,12.8062,13.4164,19.2354,15.1527,236.76,102.09,42.37,4.4846
911,207.00,29.00,8.5440,13.3417,15.6205,12.5021,195.34,172.44,109.25,6.7632
912,431.00,507.00,12.2066,13.8924,18.3576,14.8189,231.54,85.26,5.63,4.6334
913,237.00,139.00,12.2066,14.0357,17.0294,14.4239,225.37,120.91,165.23,4.3946
914,280.00,61.00,10.4403,11.7047,16.4924,12.8791,201.24,126.68,177.34,5.1511
915,141.00,6.00,14.5602,14.8661,16.0000,15.1421,236.60,54.40,164.05,4.1849
916,83.00,446.00,12.3693,17.4642,18.4391,16.0909,251.42,170.41,88.49,4.4427
917,3.00,489.00,10.7703,12.2066,18.0000,13.6590,213.42,123.21,21.80,4.7708
918,119.00,226.00,11.4018,14.0357,17.4642,14.3006,223.45,123.79,61.50,4.8512
919,42.00,368.00,10.6301,10.6301,16.0000,12.4201,194.06,90.00,138.81,4.9563
920,100.00,307.00,11.6619,13.4536,15.2315,13.4490,210.14,162.95,125.84,4.7463
921,366.00,168.00,7.0711,10.2956,12.3693,9.9120,154.88,37.18,95.91,4.6971
922,61.00,440.00,9.2195,10.0499,14.3178,11.1957,174.93,145.11,105.83,4.9911
923,236.00,380.00,7.2111,12.6491,12.8062,10.8888,170.14,142.13,85.03,5.1342
924,501.00,117.00,11.1803,11.6619,12.0416,11.6279,181.69,122.47,121.33,4.4674
925,389.00,94.00,11.0000,11.7047,12.6491,11.7846,184.13,109.98,161.57,4.6193
926,192.00,51.00,8.6023,13.1529,15.1327,12.2960,192.13,116.79,136.87,6.8140
927,20.00,328.00,10.6301,11.4018,13.0000,11.6773,182.46,100.94,153.81,5.3612
928,328.00,311.00,8.4853,8.9443,14.8661,10.7652,168.21,161.57,87.27,5.1593
929,155.00,230.00,9.0000,12.0416,12.5300,11.1905,174.85,131.63,118.61,4.3311
930,392.00,17.00,11.7047,11.7047,12.0830,11.8308,184.86,180.00,85.54,4.8057
931,292.00,128.00,8.9443,13.3417,13.3417,11.8759,185.56,103.57,166.43,4.3403
932,305.00,125.00,9.0554,12.0830,13.3417,11.4934,179.58,161.90,83.35,4.2511
933,296.00,55.00,10.6301,11.6619,15.2971,12.5297,195.78,162.15,29.88,4.9044
934,278.00,356.00,6.7082,8.0000,14.1421,9.6168,150.26,153.43,71.57,4.8204
935,338.00,481.00,10.2956,11.4018,13.9284,11.8753,185.55,166.20,39.91,4.9260
936,257.00,272.00,13.0384,14.1421,17.0294,14.7366,230.26,93.73,45.36,4.9423
937,265.00,100.00,9.2195,12.5300,17.2047,12.9847,202.89,131.14,41.93,5.5908
938,437.00,185.00,8.0623,12.0000,14.5602,11.5408,180.33,150.26,76.20,5.4803
939,506.00,22.00,12.0830,14.3178,20.3961,15.5990,243.73,130.78,76.87,4.6786
940,164.00,372.00,6.4031,14.1421,17.0294,12.5249,195.70,136.79,42.03,4.8247
941,295.00,220.00,9.4340,11.4018,14.3178,11.7179,183.09,84.13,123.22,5.0094
942,200.00,358.00,10.4403,10.6301,11.1803,10.7503,167.97,122.11,43.26,4.3800
943,121.00,261.00,14.0000,14.0357,14.3178,14.1178,220.59,175.91,102.09,4.6882
944,350.00,191.00,10.6301,12.0000,13.8924,12.1742,190.22,131.19,108.56,4.3250
945,508.00,189.00,9.0554,11.0454,17.4642,12.5217,195.65,101.53,29.97,3.9560
946,261.00,477.00,10.1980,12.5300,13.6015,12.1098,189.22,140.08,118.41,4.9936
947,225.00,191.00,11.1803,11.6619,12.8062,11.8828,185.67,85.60,114.78,5.7467
948,278.00,404.00,12.6491,12.7279,14.0357,13.1376,205.27,116.57,112.52,4.7838
949,337.00,252.00,8.4853,13.3417,13.6015,11.8095,184.52,122.01,81.03,5.1606
950,193.00,225.00,5.0000,10.0499,12.5300,9.1933,143.64,121.16,81.74,4.7042
951,207.00,350.00,10.6301,10.6301,15.0000,12.0868,188.86,180.00,101.94,3.7754
952,273.00,15.00,10.1980,12.5300,13.4536,12.0605,188.45,129.92,126.70,4.4669
953,338.00,231.00,7.2111,13.4536,13.4536,11.3728,177.70,98.30,165.68,4.0299
954,456.00,17.00,7.0711,10.0000,13.0384,10.0365,156.82,135.00,130.60,4.9453
955,358.00,449.00,10.1980,15.8114,16.1245,14.0446,219.45,119.74,71.57,4.3912
956,184.00,310.00,13.3417,14.2127,15.6525,14.4023,225.04,127.72,129.56,4.9696
957,152.00,19.00,6.0828,13.6015,13.9284,11.2042,175.07,45.49,59.50,5.6333
958,398.00,155.00,14.8661,15.1327,17.6918,15.8969,248.39,77.94,62.36,4.7588
959,94.00,466.00,10.0499,11.6619,12.0830,11.2649,176.01,115.25,120.15,4.6224
960,427.00,406.00,8.0623,16.0000,17.1172,13.7265,214.48,150.26,126.45,4.7869
961,271.00,34.00,11.0454,11.3137,12.0830,11.4807,179.39,129.81,119.64,4.6840
962,274.00,424.00,11.1803,11.4018,12.0830,11.5550,180.55,117.57,124.75,4.9995
963,193.00,334.00,7.0000,10.6301,13.3417,10.3239,161.31,138.81,102.99,4.4432
964,436.00,15.00,7.0711,12.0416,12.6491,10.5873,165.43,130.24,26.57,4.4894
965,200.00,116.00,8.9443,8.9443,15.5242,11.1376,174.02,180.00,78.37,3.1810
966,314.00,6.00,12.0000,17.4642,19.2094,16.2245,253.51,66.37,51.34,3.8984
967,334.00,283.00,5.0990,12.6491,13.4536,10.4006,162.51,82.87,149.32,5.2669
968,43.00,235.00,9.4868,11.4018,11.7047,10.8644,169.76,70.56,128.42,5.4546
969,415.00,183.00,10.0000,16.0312,17.4642,14.4985,226.54,123.29,119.50,4.5709
970,139.00,219.00,13.0384,13.0384,13.1529,13.0766,204.32,115.06,113.73,4.4884
971,49.00,360.00,10.6301,13.1529,13.1529,12.3120,192.38,122.44,130.07,4.6015
972,209.00,71.00,13.6015,14.4222,16.2788,14.7675,230.74,129.21,64.59,6.9448
973,357.00,223.00,13.6015,17.0294,20.0000,16.8770,263.70,76.26,107.10,4.3796
974,158.00,18.00,6.0828,9.4868,10.2956,8.6217,134.71,171.03,109.59,6.5723
975,326.00,160.00,8.0623,12.3693,13.6015,11.3443,177.26,164.29,102.64,4.1270
976,337.00,147.00,10.0499,13.0000,15.0000,12.6833,198.18,174.29,95.71,4.0911
977,166.00,199.00,13.8924,19.2354,20.0250,17.7176,276.84,158.72,62.61,4.5430
978,31.00,14.00,10.6301,12.0830,12.7279,11.8137,184.59,155.63,86.19,5.8753
979,285.00,312.00,7.0000,10.4403,15.5242,10.9882,171.69,16.70,14.93,4.7245
980,451.00,133.00,11.0454,12.0830,12.2066,11.7783,184.04,119.64,119.80,4.4866
981,339.00,457.00,8.4853,11.7047,13.4536,11.2145,175.23,154.98,86.99,4.4757
982,184.00,258.00,7.2111,9.2195,13.8924,10.1077,157.93,173.09,116.05,4.6655
983,154.00,250.00,11.4018,12.0000,12.0830,11.8283,184.82,127.88,117.68,4.3577
984,452.00,58.00,10.0000,10.6301,13.0000,11.2100,175.16,138.81,112.62,4.6453
985,230.00,149.00,12.2066,13.0000,13.0000,12.7355,198.99,122.39,102.37,4.6550
986,19.00,347.00,9.8489,11.6619,12.0416,11.1841,174.75,144.93,107.67,5.2021
987,315.00,481.00,10.6301,10.7703,11.3137,10.9047,170.39,117.01,176.19,4.0701
988,190.00,221.00,5.0000,11.4018,12.8062,9.7360,152.13,178.99,75.53,4.5186
989,167.00,15.00,9.4868,12.6491,13.4536,11.8632,185.36,53.13,60.42,6.9895
990,191.00,246.00,6.7082,12.1655,13.8924,10.9221,170.66,107.10,123.18,4.2779
991,254.00,153.00,7.0000,13.0384,13.3417,11.1267,173.85,122.47,167.01,4.3062
992,297.00,281.00,10.0000,11.4018,12.6491,11.3503,177.35,127.88,108.43,4.4177
993,218.00,161.00,11.1803,12.0416,16.9706,13.3975,209.34,158.20,108.43,5.0258
994,184.00,189.00,6.7082,15.1327,16.1245,12.6552,197.74,71.03,146.31,4.4241
995,193.00,204.00,10.8167,12.8062,16.5529,13.3919,209.25,94.97,148.71,4.4669
996,27.00,221.00,11.1803,15.1327,15.6525,13.9885,218.57,161.03,126.87,5.5632
997,45.00,147.00,8.5440,12.0830,14.1421,11.5897,181.09,135.00,77.57,4.1526
998,208.00,156.00,6.4031,11.1803,13.4164,10.3333,161.46,155.22,114.78,4.5506
999,354.00,45.00,10.6301,11.7047,13.0384,11.7911,184.24,61.17,126.79,4.8871
1000,410.00,139.00,10.1980,11.6619,11.6619,11.1739,174.59,109.65,132.27,4.6123
1001,282.00,446.00,12.0000,12.0416,13.0000,12.3472,192.92,138.37,112.62,4.9882
1002,306.00,444.00,14.8661,15.1327,16.0312,15.3433,239.74,102.06,163.92,4.8016
1003,182.00,231.00,10.6301,10.8167,12.5300,11.3256,176.96,172.50,102.58,4.4692
1004,173.00,319.00,10.2956,13.8924,14.2127,12.8002,200.00,91.20,169.77,4.6237
1005,427.00,130.00,11.0454,12.2066,12.5300,11.9273,186.36,119.80,123.80,3.9457
1006,188.00,264.00,7.2111,12.0000,14.2127,11.1413,174.08,123.69,107.02,4.7006
1007,215.00,325.00,8.0623,10.2956,15.0333,11.1304,173.91,158.07,79.06,3.8239
1008,28.00,351.00,6.4031,9.8489,11.6619,9.3046,145.38,117.38,97.70,5.2571
1009,135.00,261.00,10.0000,13.0384,14.0000,12.3461,192.91,110.66,126.87,4.5396
1010,237.00,118.00,9.2195,13.4164,15.8114,12.8158,200.25,39.09,59.04,5.3249
1011,208.00,112.00,8.9443,14.0357,17.0294,13.3364,208.38,149.35,76.33,3.5180
1012,435.00,384.00,6.4031,13.6015,15.6205,11.8750,185.55,105.31,78.47,4.3989
1013,344.00,292.00,10.0000,13.4536,13.6015,12.3517,193.00,95.12,53.97,4.5342
1014,160.00,377.00,6.4031,11.7047,13.0000,10.3693,162.02,148.64,118.72,4.9753
1015,33.00,172.00,11.7047,12.1655,12.8062,12.2255,191.02,119.45,121.36,5.5533
1016,127.00,10.00,11.4018,12.3693,13.4536,12.4082,193.88,119.29,26.73,3.6653
1017,316.00,30.00,9.2195,12.1655,15.0000,12.1284,189.51,129.94,130.60,5.1068
1018,167.00,35.00,8.9443,13.4536,14.0357,12.1445,189.76,105.42,149.35,6.6140
1019,268.00,78.00,9.2195,11.6619,14.2127,11.6980,182.78,133.49,116.76,4.9363
1020,26.00,133.00,8.4853,12.0416,16.1245,12.2171,190.89,176.63,127.88,4.4282
1021,316.00,107.00,8.0623,13.0384,14.2127,11.7711,183.92,140.40,43.59,4.4072
1022,178.00,251.00,9.2195,9.4340,13.8924,10.8487,169.51,171.40,70.86,4.4525
1023,235.00,161.00,9.4868,12.7279,13.0000,11.7383,183.41,63.43,175.82,4.7090
1024,291.00,260.00,6.7082,10.2956,11.1803,9.3947,146.79,177.51,36.87,4.2996
1025,223.00,126.00,13.0384,16.1245,18.6815,15.9482,249.19,64.65,160.08,3.5552
1026,73.00,157.00,14.8661,17.0294,18.4391,16.7782,262.16,51.09,82.87,3.1126
1027,384.00,508.00,9.4340,12.0416,17.8885,13.1214,205.02,126.77,31.43,3.9314
1028,300.00,152.00,9.2195,11.1803,12.0416,10.8138,168.97,75.96,135.36,4.6654
1029,48.00,155.00,8.5440,9.8995,14.8661,11.1032,173.49,114.44,68.28,4.8465
1030,305.00,416.00,12.0416,12.0416,12.1655,12.0829,188.80,90.00,94.70,4.8026
1031,318.00,240.00,10.8167,11.0454,13.6015,11.8212,184.71,128.88,73.41,4.1801
1032,78.00,312.00,12.5300,12.6491,13.0000,12.7264,198.85,100.18,174.01,4.1552
1033,138.00,293.00,8.0623,12.3693,13.0384,11.1567,174.32,136.22,124.14,4.8585
1034,219.00,256.00,8.5440,11.6619,13.6015,11.2691,176.08,100.41,127.66,4.7903
1035,171.00,263.00,12.1655,13.8924,13.9284,13.3288,208.26,110.79,149.50,4.6306
1036,256.00,6.00,9.8995,13.0000,17.8045,13.5680,212.00,135.00,83.16,3.4627
1037,100.00,262.00,7.0000,11.6619,13.8924,10.8514,169.55,149.04,120.26,5.5141
1038,395.00,314.00,10.8167,11.1803,11.1803,11.0591,172.80,113.39,119.74,4.8030
1039,82.00,255.00,12.0830,12.2066,13.0000,12.4299,194.22,169.45,88.18,4.5911
1040,352.00,106.00,7.2801,11.7047,12.8062,10.5970,165.58,125.93,125.39,5.1576
1041,301.00,293.00,9.8489,10.8167,12.6491,11.1049,173.51,57.65,174.47,4.8741
1042,226.00,170.00,12.0000,12.0416,12.7279,12.2565,191.51,131.63,45.00,4.7991
1043,189.00,136.00,9.2195,15.8114,16.2788,13.7699,215.15,59.04,119.98,2.1261
1044,344.00,227.00,7.2111,13.6015,16.1555,12.3227,192.54,163.41,55.49,3.8822
1045,321.00,446.00,13.0000,13.1529,13.1529,13.1020,204.72,76.13,103.87,4.2667
1046,336.00,175.00,6.7082,13.6015,16.1245,12.1447,189.76,170.54,109.44,3.7894
1047,220.00,316.00,10.2956,11.4018,14.8661,12.1878,190.43,135.69,99.40,3.9964
1048,334.00,43.00,9.2195,13.3417,14.4222,12.3278,192.62,90.47,136.22,4.6944
1049,265.00,139.00,7.0000,13.3417,14.0357,11.4591,179.05,167.01,85.91,4.1926
1050,192.00,120.00,8.9443,16.2788,16.2788,13.8340,216.16,127.18,69.08,2.3854
1051,250.00,244.00,10.0499,10.6301,12.1655,10.9485,171.07,43.10,176.25,4.6750
1052,373.00,24.00,11.1803,13.6015,13.6015,12.7944,199.91,83.20,115.72,4.6352
1053,412.00,387.00,17.0000,17.0294,18.0278,17.3524,271.13,40.24,93.18,3.6568
1054,20.00,127.00,8.4853,10.6301,15.6205,11.5786,180.92,176.19,84.81,4.6366
1055,281.00,350.00,6.7082,12.2066,13.0384,10.6511,166.42,171.57,149.04,4.8667
1056,280.00,337.00,8.5440,13.0384,14.2127,11.9317,186.43,65.05,149.85,4.1590
1057,33.00,347.00,6.4031,14.0000,14.0000,11.4677,179.18,141.34,38.66,4.9784
1058,172.00,164.00,15.5242,16.1555,16.2788,15.9862,249.78,173.13,64.45,2.9475
1059,354.00,171.00,12.0416,12.3693,12.3693,12.2601,191.56,170.73,99.27,3.6041
1060,283.00,270.00,11.7047,11.7047,12.8062,12.0719,188.62,90.00,31.36,4.0042
1061,282.00,118.00,7.6158,8.0623,14.1421,9.9401,155.31,127.06,68.20,5.0595
1062,338.00,125.00,9.0554,10.0000,14.7648,11.2734,176.15,149.47,145.36,4.0945
1063,285.00,305.00,4.2426,7.0000,8.9443,6.7290,105.14,135.00,18.43,4.7952
1064,331.00,112.00,10.0000,13.9284,14.5602,12.8295,200.46,122.09,110.92,4.3521
1065,288.00,100.00,9.2195,9.2195,11.4018,9.9469,155.42,81.20,87.27,4.9562
1066,348.00,305.00,11.1803,12.0416,13.6015,12.2745,191.79,111.80,46.33,4.0117
1067,26.00,305.00,11.4018,11.7047,12.1655,11.7573,183.71,107.89,132.66,5.0070
1068,437.00,22.00,7.0711,7.0711,14.0000,9.3807,146.57,126.87,135.00,4.2508
1069,222.00,17.00,10.7703,10.8167,12.0416,11.2095,175.15,124.51,116.57,5.0922
1070,275.00,228.00,8.9443,9.8995,11.0454,9.9630,155.67,71.57,68.63,4.1653
1071,37.00,510.00,10.0000,13.1529,19.0263,14.0597,219.68,118.12,33.86,4.8204
1072,157.00,6.00,12.0416,13.4536,13.9284,13.1412,205.33,43.25,25.80,4.3106
1073,130.00,21.00,6.0828,11.4018,18.6011,12.0285,187.95,95.79,44.28,3.0186
1074,288.00,302.00,4.2426,5.0990,10.4403,6.5940,103.03,146.31,28.30,4.7839
1075,402.00,325.00,9.8489,11.1803,13.0384,11.3559,177.44,145.73,56.43,4.6644
1076,172.00,350.00,6.7082,16.6433,20.2485,14.5333,227.08,59.30,120.53,3.8049
1077,289.00,297.00,5.0990,8.9443,12.6491,8.8975,139.02,15.26,119.74,4.4830
1078,50.00,17.00,7.6158,11.6619,12.3693,10.5490,164.83,172.23,52.77,3.3368
1079,365.00,161.00,6.3246,7.0711,12.1655,8.5204,133.13,100.30,62.10,4.8235
1080,127.00,508.00,10.8167,12.0416,18.0278,13.6287,212.95,141.55,14.25,4.1914
1081,92.00,173.00,14.2127,16.5529,18.0278,16.2645,254.13,64.31,126.11,2.7711
1082,70.00,218.00,9.4868,13.4164,13.8924,12.2652,191.64,135.00,131.31,4.7143
1083,218.00,144.00,13.0000,15.6205,15.6525,14.7577,230.59,107.19,130.82,3.9900
1084,236.00,29.00,10.1980,12.5300,12.7279,11.8186,184.67,129.92,123.69,4.9618
1085,268.00,259.00,10.1980,11.6619,12.1655,11.3418,177.22,47.73,91.85,4.3623
1086,166.00,49.00,10.2956,11.7047,14.0357,12.0120,187.69,130.96,65.03,4.1955
1087,430.00,388.00,6.4031,14.5602,15.6525,12.2053,190.71,112.71,77.91,3.9880
1088,298.00,140.00,10.0000,10.6301,12.1655,10.9319,170.81,175.68,117.41,4.2426
1089,284.00,132.00,8.9443,14.1421,16.1245,13.0703,204.22,71.57,56.31,4.3535
1090,507.00,388.00,9.2195,10.1980,17.8885,12.4354,194.30,113.84,75.96,3.5751
1091,169.00,180.00,16.2788,16.9706,17.4929,16.9141,264.28,55.62,110.34,3.8128
1092,59.00,145.00,14.1421,14.8661,18.4391,15.8158,247.12,34.14,131.27,2.6447
1093,247.00,322.00,12.5300,13.0384,20.6155,15.3946,240.54,114.21,112.30,3.7620
1094,343.00,468.00,8.9443,11.7047,12.1655,10.9382,170.91,173.42,53.97,4.3048
1095,295.00,106.00,9.2195,9.4340,10.8167,9.8234,153.49,162.61,96.91,4.6875
1096,319.00,134.00,13.0000,13.3417,16.4924,14.2780,223.09,102.99,104.04,4.1087
1097,304.00,306.00,9.2195,12.0416,13.3417,11.5343,180.22,134.64,53.60,4.8722
1098,254.00,160.00,7.0000,12.3693,15.1327,11.5007,179.70,165.96,97.59,4.0897
1099,271.00,305.00,10.7703,12.3693,14.0000,12.3799,193.44,144.16,111.80,4.5660
1100,354.00,20.00,8.2462,11.3137,12.0416,10.5338,164.59,149.04,80.73,4.7471
1101,268.00,293.00,10.8167,12.3693,13.1529,12.1130,189.27,132.27,114.94,4.5175
1102,338.00,157.00,10.0499,12.3693,14.0000,12.1397,189.68,98.33,95.71,3.9012
1103,286.00,251.00,10.0000,10.2956,12.1655,10.8204,169.07,82.18,46.33,4.0531
1104,204.00,151.00,6.4031,12.0416,15.6525,11.3657,177.59,177.03,77.91,3.8253
1105,306.00,134.00,9.0554,10.0000,13.0000,10.6851,166.96,120.53,96.34,4.3125
1106,423.00,189.00,10.0000,13.9284,14.5602,12.8295,200.46,105.83,127.18,4.7625
1107,314.00,209.00,10.7703,11.6619,13.1529,11.8617,185.34,127.23,120.55,4.2078
1108,187.00,158.00,15.0333,16.1555,18.0278,16.4055,256.34,64.38,60.12,2.9169
1109,301.00,265.00,7.0711,7.6158,11.1803,8.6224,134.72,105.07,34.70,4.2523
1110,100.00,217.00,9.4340,10.4403,13.8924,11.2556,175.87,138.70,88.25,4.8516
1111,24.00,508.00,9.4340,13.1529,18.1108,13.5659,211.97,130.75,38.35,4.6524
1112,337.00,134.00,9.0554,13.0000,17.2627,13.1060,204.78,173.66,93.67,3.7486
1113,63.00,396.00,9.2195,11.0000,13.0000,11.0732,173.02,139.40,107.98,4.3573
1114,58.00,180.00,6.4031,11.3137,12.2066,9.9745,155.85,96.34,176.33,6.3810
1115,202.00,302.00,10.1980,12.0830,15.2971,12.5260,195.72,144.25,112.62,4.6115
1116,171.00,80.00,14.3178,16.1245,16.2788,15.5737,243.34,58.10,67.29,1.7156
1117,203.00,244.00,8.5440,9.8489,12.1655,10.1861,159.16,93.41,101.09,4.2980
1118,96.00,329.00,12.2066,12.8062,13.0384,12.6837,198.18,176.33,87.48,3.8927
1119,383.00,214.00,8.0623,11.3137,12.8062,10.7274,167.62,127.87,135.78,4.8007
1120,307.00,489.00,11.1803,11.3137,12.1655,11.5532,180.52,145.30,160.23,3.6604
1121,13.00,22.00,7.6158,9.4868,14.4222,10.5083,164.19,175.24,79.51,4.9541
1122,331.00,196.00,8.6023,11.4018,17.0000,12.3347,192.73,159.72,97.47,3.6225
1123,146.00,198.00,10.0000,17.0000,17.0880,14.6960,229.63,118.07,69.44,4.4544
1124,491.00,396.00,11.0000,11.1803,11.6619,11.2807,176.26,116.57,120.96,4.1292
1125,221.00,100.00,9.2195,13.0384,15.0000,12.4193,194.05,135.00,77.47,4.8933
1126,287.00,281.00,10.0000,11.7047,13.3417,11.6821,182.53,109.98,167.01,4.0399
1127,385.00,58.00,11.1803,12.3693,13.0384,12.1960,190.56,93.73,95.91,4.4936
1128,260.00,243.00,7.6158,10.0499,10.4403,9.3687,146.39,72.51,96.50,4.6161
1129,20.00,19.00,7.6158,12.0830,14.1421,11.2803,176.25,178.75,121.33,5.1603
1130,246.00,75.00,11.0000,12.6491,17.4642,13.7045,214.13,108.43,113.63,5.3487
1131,306.00,508.00,9.4868,11.0000,16.5529,12.3466,192.92,161.57,136.55,4.0359
1132,359.00,420.00,9.2195,9.4868,13.3417,10.6827,166.92,95.91,154.48,4.4129
1133,175.00,223.00,10.6301,12.1655,13.6015,12.1324,189.57,140.65,102.79,4.1297
1134,235.00,109.00,8.5440,9.2195,13.6015,10.4550,163.36,98.03,176.55,5.8350
1135,289.00,115.00,7.6158,10.8167,11.0454,9.8259,153.53,146.89,162.00,4.6114
1136,24.00,43.00,9.4868,13.4164,17.0294,13.3109,207.98,135.00,68.20,3.8385
1137,350.00,423.00,9.4868,11.6619,12.2066,11.1184,173.73,77.47,163.44,4.5118
1138,279.00,206.00,7.6158,10.1980,13.0000,10.2713,160.49,101.89,44.18,4.3405
1139,278.00,150.00,11.4018,12.3693,13.6015,12.4575,194.65,88.78,122.36,3.9675
1140,270.00,191.00,7.2801,9.4868,13.0000,9.9223,155.04,92.49,141.43,4.2139
1141,423.00,374.00,11.7047,15.2315,15.6205,14.1856,221.65,93.22,160.18,3.7793
1142,25.00,206.00,9.0554,13.9284,15.1327,12.7055,198.52,75.30,76.07,5.3478
1143,186.00,359.00,12.7279,13.6015,14.0357,13.4550,210.23,81.03,49.09,3.5743
1144,508.00,66.00,10.4403,11.0454,17.0000,12.8286,200.45,158.11,45.23,3.9725
1145,509.00,419.00,9.2195,12.1655,16.1245,12.5032,195.36,158.01,47.73,4.0549
1146,187.00,195.00,6.7082,10.8167,14.4222,10.6490,166.39,172.87,82.87,4.2226
1147,200.00,264.00,9.4868,12.0000,13.4164,11.6344,181.79,108.43,135.00,4.3686
1148,283.00,185.00,3.6056,9.0554,12.3693,8.3434,130.37,117.35,42.27,4.4320
1149,138.00,429.00,11.1803,12.0416,15.6205,12.9475,202.30,121.33,150.50,3.2015
1150,338.00,300.00,9.4340,10.0000,11.1803,10.2048,159.45,94.86,174.56,4.2595
1151,317.00,99.00,8.0623,10.0499,14.5602,10.8908,170.17,102.84,156.93,4.4307
1152,229.00,250.00,8.0623,9.8489,11.6619,9.8577,154.03,95.78,91.22,4.1993
1153,149.00,181.00,15.2643,17.2627,18.0278,16.8516,263.31,158.40,87.92,3.3086
1154,294.00,159.00,9.2195,12.6491,13.1529,11.6739,182.40,59.04,139.35,4.1176
1155,323.00,118.00,10.0000,13.0384,16.4924,13.1769,205.89,85.60,140.91,4.0799
1156,362.00,339.00,11.4018,11.7047,12.0416,11.7160,183.06,122.14,123.11,3.6023
1157,305.00,244.00,8.9443,12.3693,13.6015,11.6384,181.85,130.60,80.54,4.1529
1158,178.00,347.00,6.7082,14.4222,16.1245,12.4183,194.04,97.13,123.69,3.7264
1159,286.00,183.00,3.6056,10.0000,11.1803,8.2620,129.09,123.69,46.01,4.4236
1160,270.00,240.00,5.3852,9.8489,9.8489,8.3610,130.64,177.84,87.84,4.4766
1161,173.00,243.00,9.4340,12.1655,15.0000,12.1998,190.62,131.47,111.12,3.9881
1162,353.00,32.00,8.5440,12.0416,13.0384,11.2080,175.13,74.21,114.95,4.7681
1163,294.00,266.00,6.7082,7.0711,11.6619,8.4804,132.51,108.43,147.53,4.3514
1164,322.00,473.00,10.6301,12.0830,14.3178,12.3437,192.87,65.63,126.72,3.7432
1165,217.00,275.00,8.0623,10.4403,12.0830,10.1952,159.30,80.43,58.43,4.1989
1166,319.00,164.00,8.0623,11.4018,14.7648,11.4096,178.28,165.51,88.56,3.7942
1167,212.00,240.00,9.8489,10.2956,13.3417,11.1621,174.41,84.91,143.04,4.0391
1168,233.00,209.00,8.5440,12.3693,13.6015,11.5049,179.76,83.48,127.66,4.1366
1169,300.00,114.00,9.4340,11.0454,12.0830,10.8541,169.60,63.19,172.44,3.9452
1170,265.00,146.00,7.0000,13.0384,13.6015,11.2133,175.21,122.47,107.10,3.9936
1171,409.00,85.00,11.0454,11.1803,11.7047,11.3101,176.72,105.50,154.82,4.2440
1172,188.00,465.00,11.0454,12.0416,12.6491,11.9120,186.13,126.44,113.63,3.8189
1173,304.00,272.00,7.6158,11.4018,11.6619,10.2265,159.79,118.93,35.84,4.0232
1174,224.00,351.00,13.4536,13.6015,17.0294,14.6948,229.61,95.96,38.62,2.3738
1175,396.00,509.00,10.2956,12.0416,19.2354,13.8575,216.52,146.18,123.05,3.8363
1176,432.00,27.00,7.0711,8.0623,12.6491,9.2608,144.70,142.13,26.57,4.0288
1177,246.00,184.00,9.4868,13.0000,13.3417,11.9428,186.61,138.95,121.43,4.5763
1178,21.00,65.00,10.4403,11.1803,16.1245,12.5817,196.59,136.74,66.18,3.3436
1179,288.00,340.00,8.5440,12.2066,14.0357,11.5954,181.18,75.56,163.53,4.2767
1180,214.00,219.00,9.8995,10.0000,12.0830,10.6608,166.58,81.87,159.44,4.2196
1181,157.00,168.00,15.2643,15.5242,16.9706,15.9197,248.75,136.54,76.61,2.2304
1182,178.00,370.00,13.6015,13.6015,14.1421,13.7817,215.34,107.95,117.90,3.7538
1183,468.00,506.00,10.0000,13.0000,19.0263,14.0088,218.89,126.87,33.86,3.3156
1184,335.00,438.00,9.4340,13.0000,13.1529,11.8623,185.35,99.39,156.74,3.6396
1185,509.00,45.00,10.1980,13.4536,16.6433,13.4317,209.87,126.70,45.95,3.4544
1186,261.00,194.00,9.4868,9.8489,11.6619,10.3325,161.45,84.47,167.47,4.5443
1187,146.00,230.00,9.0000,12.8062,13.0384,11.6149,181.48,141.34,122.47,3.7073
1188,252.00,300.00,9.4868,11.0454,16.0000,12.1774,190.27,156.37,108.43,4.4646
1189,453.00,455.00,11.1803,11.6619,13.0000,11.9474,186.68,122.47,116.57,3.3201
1190,286.00,203.00,7.6158,9.2195,12.0830,9.6395,150.62,100.67,178.75,4.3974
1191,509.00,438.00,10.1980,10.1980,17.4929,12.6296,197.34,157.38,109.65,4.0121
1192,508.00,220.00,10.0499,11.1803,16.2788,12.5030,195.36,163.98,41.78,4.0326
1193,437.00,328.00,10.1980,10.7703,13.0000,11.3228,176.92,123.11,101.31,4.5882
1194,274.00,487.00,11.0000,11.3137,13.0000,11.7712,183.93,135.00,112.62,3.8582
1195,15.00,368.00,9.4340,11.0454,12.6491,11.0428,172.54,142.80,103.57,5.0306
1196,344.00,117.00,10.0000,12.0000,13.0384,11.6795,182.49,126.87,147.53,4.1318
1197,312.00,151.00,10.7703,12.0416,14.7648,12.5256,195.71,162.96,83.50,4.0160
1198,214.00,342.00,9.0000,10.6301,13.4536,11.0279,172.31,138.81,131.99,3.0378
1199,417.00,19.00,8.9443,12.0416,13.0384,11.3414,177.21,68.20,149.04,3.8181
1200,310.00,289.00,9.0000,9.8489,10.0000,9.6163,150.25,156.04,90.00,4.3885
1201,271.00,171.00,9.2195,13.3417,14.1421,12.2344,191.16,154.48,57.53,3.9377
1202,444.00,143.00,10.2956,11.1803,12.2066,11.2275,175.43,129.36,115.95,3.7611
1203,268.00,126.00,12.5300,13.3417,13.8924,13.2547,207.10,105.62,91.65,4.4821
1204,361.00,86.00,9.4340,12.0416,12.1655,11.2137,175.21,143.23,112.54,4.0126
1205,333.00,410.00,9.8489,12.8062,14.5602,12.4051,193.83,117.38,98.02,3.9682
1206,141.00,269.00,10.0000,12.3693,13.4164,11.9286,186.38,140.91,116.57,3.8628
1207,279.00,236.00,8.9443,9.8489,11.0454,9.9462,155.41,87.40,58.24,3.9425
1208,330.00,295.00,9.4340,12.5300,12.6491,11.5377,180.28,176.61,103.57,4.4564
1209,93.00,486.00,10.8167,11.0454,12.0830,11.3150,176.80,118.50,121.87,3.8324
1210,347.00,476.00,8.9443,10.0000,10.2956,9.7466,152.29,79.70,92.49,4.4932
1211,1.00,95.00,10.4403,11.4018,12.0416,11.2946,176.48,148.05,78.06,4.0278
1212,290.00,147.00,10.6301,11.1803,12.3693,11.3933,178.02,67.75,152.85,4.0382
1213,44.00,200.00,11.0000,12.2066,13.4164,12.2077,190.74,145.01,63.43,4.8800
1214,103.00,248.00,10.1980,12.3693,14.3178,12.2951,192.11,87.27,66.60,4.7235
1215,467.00,91.00,10.0000,11.0000,12.6491,11.2164,175.26,126.87,124.70,4.5094
1216,340.00,430.00,9.4340,11.4018,12.2066,11.0141,172.10,132.74,157.00,3.8382
1217,268.00,235.00,5.3852,9.8995,11.0454,8.7767,137.14,113.20,106.61,4.4403
1218,295.00,94.00,6.0828,9.2195,11.1803,8.8275,137.93,129.94,72.90,4.3235
1219,343.00,41.00,9.2195,11.4018,11.7047,10.7753,168.36,92.73,147.49,4.5360
1220,486.00,497.00,10.2956,10.4403,12.0416,10.9258,170.72,134.25,123.82,3.7191
1221,137.00,313.00,12.0000,12.1655,13.1529,12.4395,194.37,170.54,81.25,3.4175
1222,221.00,212.00,9.8995,11.1803,12.3693,11.1497,174.21,71.57,149.04,4.0248
1223,238.00,246.00,9.8489,11.4018,12.1655,11.1387,174.04,81.29,165.50,3.8416
1224,301.00,95.00,6.0828,11.0454,12.5300,9.8860,154.47,75.34,70.85,3.9345
1225,230.00,230.00,8.9443,11.4018,13.9284,11.4248,178.51,78.69,132.40,3.8933
1226,40.00,23.00,11.6619,12.7279,17.1172,13.8357,216.18,104.04,65.75,3.1227
1227,238.00,170.00,9.4868,12.0000,12.0830,11.1900,174.84,71.57,137.12,3.8599
1228,106.00,297.00,11.6619,14.5602,15.0000,13.7407,214.70,133.09,157.83,4.5814
1229,277.00,80.00,9.2195,10.8167,11.7047,10.5803,165.32,111.16,122.51,4.5035
1230,278.00,257.00,8.9443,10.0000,10.1980,9.7141,151.78,79.70,74.74,4.0350
1231,479.00,321.00,10.8167,11.7047,13.0000,11.8405,185.01,126.33,123.69,3.9337
1232,464.00,3.00,8.9443,15.8114,16.1245,13.6267,212.92,81.87,33.69,3.2437
1233,1.00,126.00,12.5300,15.8114,19.0263,15.7892,246.71,83.92,31.62,3.7110
1234,19.00,106.00,13.4164,15.0333,15.6525,14.7007,229.70,59.62,126.87,2.3202
1235,395.00,366.00,10.1980,10.2956,13.3417,11.2784,176.23,139.64,114.30,4.0523
1236,12.00,240.00,9.2195,11.1803,11.7047,10.7015,167.21,120.30,119.42,4.8313
1237,434.00,464.00,10.8167,11.0454,12.0830,11.3150,176.80,128.88,121.87,3.5052
1238,436.00,307.00,10.0499,11.4018,12.1655,11.2057,175.09,159.03,105.17,4.3408
1239,489.00,437.00,11.1803,11.6619,12.0416,11.6279,181.69,122.47,121.33,3.4425
1240,57.00,14.00,7.6158,9.8489,15.6525,11.0390,172.48,89.24,176.63,2.7162
1241,348.00,447.00,10.1980,13.4536,15.5242,13.0586,204.04,120.68,153.76,3.5915
1242,326.00,506.00,11.0454,11.6619,16.5529,13.0867,204.48,115.77,59.79,3.3436
1243,185.00,487.00,10.7703,12.2066,12.3693,11.7821,184.09,123.21,125.84,3.7500
1244,286.00,227.00,11.0454,11.4018,11.4018,11.2830,176.30,46.93,147.32,4.2635
1245,130.00,488.00,13.0384,15.2315,15.2643,14.5114,226.74,108.80,152.79,2.7043
1246,396.00,442.00,10.8167,11.0454,11.6619,11.1746,174.60,128.88,115.35,3.6575
1247,437.00,286.00,10.0000,11.1803,12.2066,11.1290,173.89,169.70,34.99,4.6407
1248,114.00,342.00,10.8167,11.1803,11.4018,11.1329,173.95,113.39,131.05,3.5592
1249,371.00,159.00,6.3246,10.2956,10.7703,9.1302,142.66,42.51,86.63,4.7108
1250,474.00,205.00,10.8167,11.1803,11.4018,11.1329,173.95,113.39,131.05,3.3522
1251,501.00,506.00,9.2195,12.0416,17.1172,12.7928,199.89,135.36,33.89,3.3233
1252,247.00,441.00,10.6301,12.0416,12.6491,11.7736,183.96,126.42,120.38,3.6540
1253,291.00,501.00,8.0623,11.1803,12.1655,10.4694,163.58,123.69,129.21,3.4274
1254,274.00,102.00,9.2195,12.0416,13.0384,11.4332,178.64,107.29,109.94,4.7178
1255,196.00,142.00,9.2195,12.0416,13.6015,11.6209,181.58,172.23,85.43,2.3949
1256,300.00,84.00,11.0454,11.1803,11.1803,11.1353,173.99,174.89,31.76,3.6606
1257,492.00,376.00,11.0454,11.1803,11.6619,11.2959,176.50,121.76,115.77,4.0799
1258,195.00,368.00,8.0000,11.1803,12.7279,10.6361,166.19,63.43,135.00,3.7608
1259,464.00,112.00,11.0454,11.4018,13.4164,11.9545,186.79,122.68,121.76,3.6381
1260,103.00,402.00,10.4403,10.8167,11.4018,10.8862,170.10,129.61,121.95,3.5557
1261,314.00,395.00,9.2195,11.6619,13.4536,11.4450,178.83,133.49,125.48,4.0634
1262,157.00,44.00,10.2956,13.4536,18.0278,13.9257,217.59,71.04,99.61,2.4779
1263,509.00,397.00,9.2195,10.1980,15.8114,11.7430,183.48,156.16,112.17,3.4271
1264,22.00,479.00,11.6619,11.7047,12.0000,11.7889,184.20,129.05,120.96,4.0722
1265,225.00,274.00,8.0623,10.4403,11.6619,10.0548,157.11,80.43,156.16,4.4275
1266,509.00,200.00,10.1980,11.0454,15.6205,12.2880,192.00,163.50,128.88,3.0111
1267,319.00,491.00,10.6301,10.7703,12.1655,11.1887,174.82,70.62,129.35,3.6898
1268,34.00,242.00,11.0000,11.1803,11.4018,11.1940,174.91,79.70,142.13,4.8837
